UserID,total_courses,total_spending,avg_spending,diversity_score,preferred_category,preferred_level,avg_course_rating,user_age,user_gender,Cluster,Segment
U00001,1,394.26,394.26,1,2,2,1.35,15,1,3,Premium Specialists
U00002,1,0.0,0.0,1,9,1,2.88,29,0,2,Budget Learners
U00003,11,613.98,55.81636363636364,7,8,0,2.889090909090909,33,0,1,Explorer Learners
U00004,13,982.05,75.54230769230769,8,5,2,3.4515384615384614,23,0,1,Explorer Learners
U00005,2,346.71,173.355,2,9,0,2.0549999999999997,21,1,0,Casual Learners
U00006,1,0.78,0.78,1,7,0,3.89,21,1,0,Casual Learners
U00007,1,0.0,0.0,1,2,2,1.91,24,1,0,Casual Learners
U00008,1,0.0,0.0,1,6,2,4.1,33,0,2,Budget Learners
U00009,1,276.37,276.37,1,4,0,2.72,20,0,3,Premium Specialists
U00010,2,326.02,163.01,2,0,1,3.165,34,0,2,Budget Learners
U00011,2,299.57,149.785,2,3,0,3.205,15,0,2,Budget Learners
U00012,2,327.99,163.995,2,4,0,1.5150000000000001,15,0,2,Budget Learners
U00013,14,1432.33,102.3092857142857,8,7,0,2.869285714285714,33,0,1,Explorer Learners
U00014,1,0.0,0.0,1,7,0,1.81,30,1,0,Casual Learners
U00015,14,2035.06,145.36142857142858,10,0,1,2.7607142857142857,27,0,1,Explorer Learners
U00016,1,0.0,0.0,1,8,0,4.79,32,1,0,Casual Learners
U00017,3,963.18,321.06,3,0,1,4.6499999999999995,24,1,3,Premium Specialists
U00018,16,1468.03,91.751875,9,0,1,3.1081250000000002,24,0,1,Explorer Learners
U00019,1,0.0,0.0,1,4,1,4.51,24,0,2,Budget Learners
U00020,1,0.0,0.0,1,9,1,2.88,27,0,2,Budget Learners
U00021,2,177.34,88.67,2,2,0,3.135,15,1,0,Casual Learners
U00022,1,0.0,0.0,1,10,1,4.68,31,1,0,Casual Learners
U00023,1,0.0,0.0,1,4,1,4.51,32,1,0,Casual Learners
U00024,1,0.0,0.0,1,2,2,3.93,18,0,2,Budget Learners
U00025,4,119.04,29.76,4,6,0,2.605,34,1,0,Casual Learners
U00026,1,327.99,327.99,1,10,1,1.51,19,1,3,Premium Specialists
U00027,2,0.0,0.0,2,2,0,2.915,31,1,0,Casual Learners
U00028,12,1012.66,84.38833333333334,9,6,1,3.015,30,0,1,Explorer Learners
U00029,1,326.02,326.02,1,1,2,2.69,30,1,3,Premium Specialists
U00030,1,0.0,0.0,1,10,2,3.45,34,1,0,Casual Learners
U00031,1,0.0,0.0,1,11,1,2.2,30,1,0,Casual Learners
U00032,1,285.05,285.05,1,1,1,1.96,18,1,3,Premium Specialists
U00033,1,276.37,276.37,1,4,0,2.72,25,1,3,Premium Specialists
U00034,2,248.1,124.05,2,0,1,2.67,32,0,2,Budget Learners
U00035,1,0.78,0.78,1,7,0,3.89,32,1,0,Casual Learners
U00036,1,0.0,0.0,1,9,1,3.85,24,0,2,Budget Learners
U00037,2,0.0,0.0,2,2,0,1.9849999999999999,31,0,2,Budget Learners
U00038,1,0.0,0.0,1,2,2,3.93,35,1,0,Casual Learners
U00039,1,346.71,346.71,1,10,0,1.23,16,0,3,Premium Specialists
U00040,1,0.0,0.0,1,9,1,3.85,15,1,0,Casual Learners
U00041,2,326.02,163.01,2,1,1,3.5650000000000004,19,0,2,Budget Learners
U00042,1,89.59,89.59,1,0,2,2.68,32,1,0,Casual Learners
U00043,1,327.99,327.99,1,10,1,1.51,31,1,3,Premium Specialists
U00044,1,299.57,299.57,1,3,1,3.74,19,1,3,Premium Specialists
U00045,14,1209.79,86.41357142857143,9,10,1,3.375,23,0,1,Explorer Learners
U00046,2,0.0,0.0,2,4,0,1.325,29,0,2,Budget Learners
U00047,1,0.0,0.0,1,3,2,3.6,34,1,0,Casual Learners
U00048,13,356.89,27.45307692307692,9,4,1,3.329230769230769,19,1,1,Explorer Learners
U00049,1,0.0,0.0,1,10,2,3.45,32,1,0,Casual Learners
U00050,1,0.0,0.0,1,4,0,2.61,33,1,0,Casual Learners
U00051,1,0.0,0.0,1,4,1,4.51,32,0,2,Budget Learners
U00052,1,0.78,0.78,1,7,0,3.89,25,0,2,Budget Learners
U00053,1,53.86,53.86,1,6,1,2.47,34,0,2,Budget Learners
U00054,1,490.9,490.9,1,0,1,4.55,22,0,3,Premium Specialists
U00055,16,1448.25,90.515625,9,4,0,3.055625,31,0,1,Explorer Learners
U00056,2,0.0,0.0,2,4,0,2.745,22,0,2,Budget Learners
U00057,1,487.92,487.92,1,1,0,3.64,18,1,3,Premium Specialists
U00058,1,117.68,117.68,1,3,0,2.57,30,0,2,Budget Learners
U00059,1,0.0,0.0,1,4,1,4.51,32,1,0,Casual Learners
U00060,4,53.86,13.465,3,6,1,3.515,26,1,0,Casual Learners
U00061,1,0.0,0.0,1,2,2,1.91,32,0,2,Budget Learners
U00062,1,0.0,0.0,1,9,1,3.85,28,0,2,Budget Learners
U00063,2,299.57,149.785,2,3,1,3.31,34,0,2,Budget Learners
U00064,1,276.37,276.37,1,4,0,2.72,33,0,3,Premium Specialists
U00065,1,0.0,0.0,1,11,0,2.67,29,1,0,Casual Learners
U00066,1,327.99,327.99,1,10,1,1.51,26,0,3,Premium Specialists
U00067,1,119.04,119.04,1,6,2,2.75,28,0,2,Budget Learners
U00068,1,0.0,0.0,1,10,2,3.45,32,1,0,Casual Learners
U00069,2,0.0,0.0,2,4,0,3.67,27,0,2,Budget Learners
U00070,2,0.0,0.0,2,5,2,4.6899999999999995,25,0,2,Budget Learners
U00071,14,641.94,45.85285714285715,8,9,1,2.777857142857143,30,0,1,Explorer Learners
U00072,1,326.02,326.02,1,1,2,2.69,17,0,3,Premium Specialists
U00073,1,0.78,0.78,1,7,0,3.89,16,1,0,Casual Learners
U00074,3,963.18,321.06,2,9,1,3.5233333333333334,19,1,3,Premium Specialists
U00075,1,0.0,0.0,1,4,0,4.45,22,1,0,Casual Learners
U00076,4,472.28,118.07,4,1,1,3.0949999999999998,34,1,0,Casual Learners
U00077,1,0.0,0.0,1,8,2,4.11,20,1,0,Casual Learners
U00078,1,0.0,0.0,1,8,2,4.11,32,0,2,Budget Learners
U00079,1,0.0,0.0,1,2,1,4.94,28,1,0,Casual Learners
U00080,1,0.0,0.0,1,9,1,2.88,35,0,2,Budget Learners
U00081,1,0.0,0.0,1,4,0,1.52,18,0,2,Budget Learners
U00082,1,0.0,0.0,1,10,1,4.68,31,1,0,Casual Learners
U00083,15,1661.3,110.75333333333333,9,0,2,2.9953333333333334,16,1,1,Explorer Learners
U00084,1,327.99,327.99,1,10,1,1.51,20,1,3,Premium Specialists
U00085,13,1149.12,88.39384615384614,7,2,1,2.9084615384615384,22,0,1,Explorer Learners
U00086,4,53.86,13.465,4,1,0,2.47,27,0,2,Budget Learners
U00087,3,0.0,0.0,3,7,2,4.506666666666667,19,0,2,Budget Learners
U00088,1,0.0,0.0,1,0,1,3.64,23,1,0,Casual Learners
U00089,1,0.0,0.0,1,7,2,4.73,30,1,0,Casual Learners
U00090,1,0.0,0.0,1,10,2,3.45,34,1,0,Casual Learners
U00091,1,0.0,0.0,1,6,1,4.14,35,1,0,Casual Learners
U00092,4,594.81,148.7025,4,0,0,2.7175000000000002,31,1,0,Casual Learners
U00093,1,285.05,285.05,1,1,1,1.96,16,1,3,Premium Specialists
U00094,1,299.57,299.57,1,3,1,3.74,27,1,3,Premium Specialists
U00095,1,248.1,248.1,1,0,1,1.2,20,1,3,Premium Specialists
U00096,4,0.0,0.0,3,7,1,2.58,34,0,2,Budget Learners
U00097,2,0.0,0.0,2,2,0,2.0949999999999998,25,1,0,Casual Learners
U00098,1,0.0,0.0,1,4,0,4.45,31,1,0,Casual Learners
U00099,1,299.57,299.57,1,3,1,3.74,29,0,3,Premium Specialists
U00100,1,0.0,0.0,1,5,1,2.14,32,0,2,Budget Learners
U00101,1,89.59,89.59,1,0,2,2.68,15,0,2,Budget Learners
U00102,1,299.57,299.57,1,3,1,3.74,32,1,3,Premium Specialists
U00103,1,0.0,0.0,1,1,0,2.0,30,0,2,Budget Learners
U00104,1,53.86,53.86,1,6,1,2.47,19,1,0,Casual Learners
U00105,1,299.57,299.57,1,3,1,3.74,27,1,3,Premium Specialists
U00106,2,57.32,28.66,2,5,0,3.4400000000000004,19,1,0,Casual Learners
U00107,1,0.0,0.0,1,9,1,3.85,18,0,2,Budget Learners
U00108,2,0.0,0.0,2,4,0,2.965,32,1,0,Casual Learners
U00109,14,869.77,62.12642857142857,10,3,1,3.157857142857143,15,0,1,Explorer Learners
U00110,1,487.92,487.92,1,1,0,3.64,26,0,3,Premium Specialists
U00111,1,0.0,0.0,1,5,1,2.14,24,1,0,Casual Learners
U00112,14,565.8,40.41428571428571,9,3,0,3.165714285714286,34,0,1,Explorer Learners
U00113,1,346.71,346.71,1,10,0,1.23,19,1,3,Premium Specialists
U00114,1,0.0,0.0,1,2,0,2.38,22,0,2,Budget Learners
U00115,1,0.0,0.0,1,7,2,1.73,32,0,2,Budget Learners
U00116,1,0.0,0.0,1,4,0,1.52,31,1,0,Casual Learners
U00117,13,1885.87,145.06692307692308,9,2,1,3.373076923076923,19,0,1,Explorer Learners
U00118,1,0.0,0.0,1,1,0,2.0,28,0,2,Budget Learners
U00119,1,57.32,57.32,1,11,0,4.74,28,1,0,Casual Learners
U00120,2,415.51,207.755,2,0,1,3.215,15,1,3,Premium Specialists
U00121,2,328.77,164.385,2,7,0,2.7,27,0,2,Budget Learners
U00122,2,0.0,0.0,2,5,1,2.895,21,0,2,Budget Learners
U00123,2,356.89,178.445,2,3,0,4.24,18,0,2,Budget Learners
U00124,2,460.49,230.245,2,0,0,2.175,19,0,3,Premium Specialists
U00125,2,326.02,163.01,2,1,0,2.25,35,0,2,Budget Learners
U00126,14,1084.57,77.4692857142857,7,5,1,3.457142857142857,23,0,1,Explorer Learners
U00127,3,903.4300000000001,301.1433333333334,3,0,0,3.846666666666667,34,0,3,Premium Specialists
U00128,13,1813.65,139.51153846153846,8,0,1,3.106923076923077,35,0,1,Explorer Learners
U00129,2,415.51,207.755,2,0,2,3.885,19,1,3,Premium Specialists
U00130,1,248.1,248.1,1,0,1,1.2,17,1,3,Premium Specialists
U00131,1,0.0,0.0,1,1,0,3.15,19,1,0,Casual Learners
U00132,1,0.0,0.0,1,7,1,1.13,22,1,0,Casual Learners
U00133,14,828.33,59.166428571428575,9,8,1,2.830714285714286,21,1,1,Explorer Learners
U00134,14,1438.21,102.72928571428572,8,6,0,3.3528571428571428,26,0,1,Explorer Learners
U00135,1,0.0,0.0,1,3,2,3.02,17,0,2,Budget Learners
U00136,1,0.0,0.0,1,1,0,3.15,25,0,2,Budget Learners
U00137,2,460.29,230.145,2,3,0,3.705,15,0,3,Premium Specialists
U00138,2,0.0,0.0,2,4,0,1.8699999999999999,26,1,0,Casual Learners
U00139,4,248.1,62.025,4,0,0,1.8275000000000001,16,0,2,Budget Learners
U00140,2,53.86,26.93,2,5,1,3.5650000000000004,24,0,2,Budget Learners
U00141,1,0.0,0.0,1,9,1,2.88,20,1,0,Casual Learners
U00142,1,472.28,472.28,1,9,1,4.74,17,0,3,Premium Specialists
U00143,2,177.34,88.67,2,2,0,4.415,26,1,0,Casual Learners
U00144,13,953.67,73.35923076923076,7,6,2,3.173076923076923,24,0,1,Explorer Learners
U00145,1,0.0,0.0,1,2,1,4.94,23,0,2,Budget Learners
U00146,1,0.0,0.0,1,5,1,4.44,30,0,2,Budget Learners
U00147,12,1195.68,99.64,9,3,1,3.0775,30,1,1,Explorer Learners
U00148,1,0.0,0.0,1,3,2,3.02,35,0,2,Budget Learners
U00149,10,906.41,90.64099999999999,8,0,0,3.303,17,0,1,Explorer Learners
U00150,2,0.0,0.0,2,2,0,3.245,25,1,0,Casual Learners
U00151,1,0.0,0.0,1,5,1,4.44,16,0,2,Budget Learners
U00152,12,1368.9199999999998,114.07666666666665,9,2,1,3.296666666666667,19,0,1,Explorer Learners
U00153,2,37.89,18.945,2,9,0,2.575,35,1,0,Casual Learners
U00154,1,248.1,248.1,1,0,1,1.2,29,1,3,Premium Specialists
U00155,2,0.0,0.0,2,6,1,3.71,27,1,0,Casual Learners
U00156,1,0.0,0.0,1,6,0,1.59,17,1,0,Casual Learners
U00157,2,212.39,106.195,2,2,0,2.53,32,0,2,Budget Learners
U00158,1,0.0,0.0,1,9,1,1.28,35,0,2,Budget Learners
U00159,2,53.86,26.93,2,6,1,2.1,16,1,0,Casual Learners
U00160,1,327.99,327.99,1,10,1,1.51,28,0,3,Premium Specialists
U00161,11,605.6,55.054545454545455,7,1,0,2.8972727272727274,25,0,1,Explorer Learners
U00162,1,0.0,0.0,1,6,0,1.59,26,1,0,Casual Learners
U00163,1,0.0,0.0,1,10,2,3.45,32,0,2,Budget Learners
U00164,2,0.0,0.0,1,7,0,3.2700000000000005,32,1,0,Casual Learners
U00165,4,419.82,104.955,4,0,2,2.995,30,1,0,Casual Learners
U00166,15,248.88,16.592,9,7,2,3.1886666666666668,33,1,1,Explorer Learners
U00167,1,0.0,0.0,1,2,1,4.94,31,0,2,Budget Learners
U00168,1,326.02,326.02,1,1,2,2.69,24,0,3,Premium Specialists
U00169,13,567.16,43.62769230769231,11,4,0,2.636923076923077,24,1,1,Explorer Learners
U00170,3,0.0,0.0,3,9,1,2.72,34,0,2,Budget Learners
U00171,2,0.0,0.0,1,10,1,4.0649999999999995,24,1,0,Casual Learners
U00172,1,0.0,0.0,1,7,2,4.73,35,0,2,Budget Learners
U00173,14,1094.82,78.20142857142856,10,0,1,3.1978571428571425,31,1,1,Explorer Learners
U00174,1,212.39,212.39,1,5,0,3.15,29,1,0,Casual Learners
U00175,2,490.9,245.45,2,0,1,2.915,32,0,3,Premium Specialists
U00176,1,0.0,0.0,1,10,1,4.68,34,1,0,Casual Learners
U00177,14,1526.54,109.03857142857143,9,6,1,3.0235714285714286,29,0,1,Explorer Learners
U00178,14,236.72000000000003,16.90857142857143,10,3,1,3.54,20,1,1,Explorer Learners
U00179,2,487.92,243.96,2,1,0,2.685,34,1,3,Premium Specialists
U00180,1,0.0,0.0,1,7,2,4.73,26,0,2,Budget Learners
U00181,1,299.57,299.57,1,3,1,3.74,32,0,3,Premium Specialists
U00182,1,0.0,0.0,1,6,2,4.1,28,0,2,Budget Learners
U00183,1,0.0,0.0,1,7,2,4.73,33,1,0,Casual Learners
U00184,1,0.0,0.0,1,2,0,2.38,28,1,0,Casual Learners
U00185,1,57.32,57.32,1,11,0,4.74,27,1,0,Casual Learners
U00186,2,326.02,163.01,2,1,2,3.0700000000000003,28,0,2,Budget Learners
U00187,1,472.28,472.28,1,9,1,4.74,18,1,3,Premium Specialists
U00188,1,0.0,0.0,1,4,0,1.52,18,1,0,Casual Learners
U00189,1,0.0,0.0,1,6,0,1.59,18,1,0,Casual Learners
U00190,1,487.92,487.92,1,1,0,3.64,25,0,3,Premium Specialists
U00191,12,2258.7,188.225,8,10,1,3.955833333333333,34,1,1,Explorer Learners
U00192,14,680.0699999999999,48.576428571428565,9,11,1,3.440714285714286,17,1,1,Explorer Learners
U00193,1,0.0,0.0,1,8,0,4.79,33,1,0,Casual Learners
U00194,1,0.0,0.0,1,3,2,3.02,35,1,0,Casual Learners
U00195,1,346.71,346.71,1,10,0,1.23,15,1,3,Premium Specialists
U00196,1,394.26,394.26,1,2,2,1.35,23,0,3,Premium Specialists
U00197,1,0.0,0.0,1,3,2,3.6,35,0,2,Budget Learners
U00198,12,1242.3400000000001,103.52833333333335,7,6,1,3.2741666666666664,30,0,1,Explorer Learners
U00199,1,0.0,0.0,1,9,2,2.43,24,0,2,Budget Learners
U00200,4,269.71,67.4275,3,4,0,3.4650000000000003,32,1,0,Casual Learners
U00201,3,691.88,230.62666666666667,3,0,0,2.676666666666667,16,1,3,Premium Specialists
U00202,1,0.0,0.0,1,9,1,3.85,28,0,2,Budget Learners
U00203,2,326.02,163.01,2,1,1,3.005,25,0,2,Budget Learners
U00204,1,0.0,0.0,1,6,0,1.59,28,0,2,Budget Learners
U00205,1,342.61,342.61,1,10,2,4.84,32,1,3,Premium Specialists
U00206,1,89.59,89.59,1,0,2,2.68,19,0,2,Budget Learners
U00207,2,177.34,88.67,2,5,0,2.585,33,1,0,Casual Learners
U00208,15,507.62,33.84133333333333,10,3,1,3.1533333333333338,18,0,1,Explorer Learners
U00209,1,0.0,0.0,1,1,0,3.15,26,1,0,Casual Learners
U00210,2,37.89,18.945,2,7,0,1.5150000000000001,30,1,0,Casual Learners
U00211,1,0.0,0.0,1,10,1,4.68,22,1,0,Casual Learners
U00212,2,0.0,0.0,2,9,1,4.265,30,0,2,Budget Learners
U00213,2,299.57,149.785,2,3,1,4.23,15,1,0,Casual Learners
U00214,1,89.59,89.59,1,0,2,2.68,24,0,2,Budget Learners
U00215,1,326.02,326.02,1,1,2,2.69,28,1,3,Premium Specialists
U00216,16,1405.87,87.866875,10,9,1,3.545625,23,1,1,Explorer Learners
U00217,1,37.89,37.89,1,11,0,1.3,28,1,0,Casual Learners
U00218,1,0.0,0.0,1,8,2,4.72,15,0,2,Budget Learners
U00219,1,0.0,0.0,1,4,1,4.51,23,0,2,Budget Learners
U00220,15,300.34999999999997,20.02333333333333,11,9,1,3.6286666666666667,20,1,1,Explorer Learners
U00221,1,0.0,0.0,1,4,0,4.45,27,1,0,Casual Learners
U00222,1,0.78,0.78,1,7,0,3.89,28,1,0,Casual Learners
U00223,1,0.0,0.0,1,6,2,4.1,35,0,2,Budget Learners
U00224,1,490.9,490.9,1,0,1,4.55,15,0,3,Premium Specialists
U00225,1,0.0,0.0,1,6,2,4.1,18,1,0,Casual Learners
U00226,1,346.71,346.71,1,10,0,1.23,34,0,3,Premium Specialists
U00227,2,0.0,0.0,2,4,1,4.305,23,1,0,Casual Learners
U00228,1,117.68,117.68,1,3,0,2.57,18,1,0,Casual Learners
U00229,2,0.0,0.0,2,3,0,2.73,22,1,0,Casual Learners
U00230,2,119.04,59.52,2,5,1,3.595,17,0,2,Budget Learners
U00231,2,213.17,106.585,2,5,0,3.52,16,1,0,Casual Learners
U00232,1,0.0,0.0,1,2,0,2.38,26,0,2,Budget Learners
U00233,1,119.04,119.04,1,6,2,2.75,32,1,0,Casual Learners
U00234,2,326.02,163.01,2,1,0,3.74,32,1,0,Casual Learners
U00235,3,472.28,157.42666666666665,2,9,1,3.856666666666667,34,1,0,Casual Learners
U00236,1,394.26,394.26,1,2,2,1.35,25,0,3,Premium Specialists
U00237,1,0.0,0.0,1,1,0,3.15,20,1,0,Casual Learners
U00238,15,1872.92,124.86133333333333,10,1,1,3.1626666666666665,24,0,1,Explorer Learners
U00239,1,0.0,0.0,1,5,1,4.44,32,0,2,Budget Learners
U00240,2,0.0,0.0,2,1,0,3.33,34,0,2,Budget Learners
U00241,2,0.0,0.0,2,2,1,4.2700000000000005,23,0,2,Budget Learners
U00242,2,266.93,133.465,2,0,0,3.285,27,1,0,Casual Learners
U00243,1,177.34,177.34,1,5,0,3.89,24,0,2,Budget Learners
U00244,1,276.37,276.37,1,4,0,2.72,28,1,3,Premium Specialists
U00245,1,0.0,0.0,1,6,1,4.14,31,0,2,Budget Learners
U00246,1,472.28,472.28,1,9,1,4.74,31,1,3,Premium Specialists
U00247,1,0.0,0.0,1,8,0,2.01,30,0,2,Budget Learners
U00248,1,0.0,0.0,1,6,0,1.59,17,1,0,Casual Learners
U00249,1,0.0,0.0,1,9,1,2.88,35,0,2,Budget Learners
U00250,1,342.61,342.61,1,10,2,4.84,21,1,3,Premium Specialists
U00251,13,1310.57,100.81307692307692,9,6,1,3.493846153846154,28,0,1,Explorer Learners
U00252,1,0.0,0.0,1,4,0,1.52,29,0,2,Budget Learners
U00253,1,0.0,0.0,1,5,2,4.66,19,1,0,Casual Learners
U00254,1,0.0,0.0,1,2,1,4.94,19,0,2,Budget Learners
U00255,1,394.26,394.26,1,2,2,1.35,26,0,3,Premium Specialists
U00256,1,0.0,0.0,1,4,1,4.51,35,0,2,Budget Learners
U00257,1,0.0,0.0,1,10,2,3.45,29,1,0,Casual Learners
U00258,1,117.68,117.68,1,3,0,2.57,19,1,0,Casual Learners
U00259,1,342.61,342.61,1,10,2,4.84,35,1,3,Premium Specialists
U00260,15,2445.2,163.01333333333332,9,4,0,3.1526666666666667,35,1,1,Explorer Learners
U00261,1,0.0,0.0,1,7,1,1.13,28,0,2,Budget Learners
U00262,1,0.0,0.0,1,2,2,1.91,24,1,0,Casual Learners
U00263,4,0.0,0.0,4,3,2,2.8325,15,1,0,Casual Learners
U00264,3,0.0,0.0,3,2,2,3.4599999999999995,18,0,2,Budget Learners
U00265,14,2087.85,149.13214285714284,9,5,2,3.4299999999999997,15,1,1,Explorer Learners
U00266,1,212.39,212.39,1,5,0,3.15,25,0,2,Budget Learners
U00267,4,906.53,226.6325,3,1,0,3.0325,34,1,3,Premium Specialists
U00268,1,0.0,0.0,1,3,2,3.6,29,0,2,Budget Learners
U00269,1,0.0,0.0,1,2,2,3.93,22,0,2,Budget Learners
U00270,1,0.0,0.0,1,11,0,2.67,23,1,0,Casual Learners
U00271,1,0.0,0.0,1,5,1,4.44,15,1,0,Casual Learners
U00272,13,1229.1999999999998,94.55384615384614,8,5,0,3.2284615384615383,25,1,1,Explorer Learners
U00273,1,0.0,0.0,1,5,1,2.14,25,0,2,Budget Learners
U00274,2,177.34,88.67,2,1,0,3.52,32,0,2,Budget Learners
U00275,1,0.0,0.0,1,8,0,2.98,28,0,2,Budget Learners
U00276,1,299.57,299.57,1,3,1,3.74,22,0,3,Premium Specialists
U00277,1,0.0,0.0,1,8,0,2.01,21,1,0,Casual Learners
U00278,1,0.0,0.0,1,9,1,3.85,27,1,0,Casual Learners
U00279,3,295.02,98.33999999999999,3,3,0,2.6833333333333336,24,1,0,Casual Learners
U00280,1,299.57,299.57,1,3,1,3.74,15,1,3,Premium Specialists
U00281,1,0.0,0.0,1,8,2,4.11,30,0,2,Budget Learners
U00282,14,1034.17,73.86928571428572,9,1,0,2.472142857142857,19,1,1,Explorer Learners
U00283,2,0.0,0.0,2,5,1,2.8600000000000003,28,1,0,Casual Learners
U00284,1,342.61,342.61,1,10,2,4.84,30,1,3,Premium Specialists
U00285,1,57.32,57.32,1,11,0,4.74,29,0,2,Budget Learners
U00286,3,0.0,0.0,2,11,0,3.106666666666667,24,0,2,Budget Learners
U00287,2,0.0,0.0,2,4,0,4.585,21,0,2,Budget Learners
U00288,1,0.0,0.0,1,2,2,3.93,35,1,0,Casual Learners
U00289,1,0.78,0.78,1,7,0,3.89,17,0,2,Budget Learners
U00290,3,57.32,19.106666666666666,3,5,0,4.430000000000001,17,0,2,Budget Learners
U00291,3,276.37,92.12333333333333,3,0,0,3.6966666666666668,16,0,2,Budget Learners
U00292,12,965.62,80.46833333333333,8,2,2,3.1333333333333333,33,1,1,Explorer Learners
U00293,13,1426.48,109.72923076923077,9,7,0,2.94,25,0,1,Explorer Learners
U00294,1,0.0,0.0,1,7,2,4.73,21,0,2,Budget Learners
U00295,1,0.0,0.0,1,7,1,1.13,29,1,0,Casual Learners
U00296,2,177.34,88.67,2,5,0,3.67,31,0,2,Budget Learners
U00297,1,0.0,0.0,1,5,1,2.14,29,1,0,Casual Learners
U00298,14,2020.42,144.31571428571428,7,10,2,3.2892857142857146,32,1,1,Explorer Learners
U00299,1,0.0,0.0,1,1,0,3.15,20,0,2,Budget Learners
U00300,2,487.92,243.96,2,1,0,2.92,26,0,3,Premium Specialists
U00301,14,1201.4299999999998,85.81642857142856,9,9,1,3.0685714285714285,26,1,1,Explorer Learners
U00302,1,37.89,37.89,1,11,0,1.3,34,0,2,Budget Learners
U00303,14,1085.94,77.56714285714285,7,7,0,3.027142857142857,35,1,1,Explorer Learners
U00304,1,327.99,327.99,1,10,1,1.51,35,1,3,Premium Specialists
U00305,1,0.0,0.0,1,2,1,4.94,22,1,0,Casual Learners
U00306,1,0.0,0.0,1,6,1,4.14,28,1,0,Casual Learners
U00307,1,0.0,0.0,1,9,2,2.43,33,0,2,Budget Learners
U00308,4,790.47,197.6175,4,0,1,3.5625,26,1,3,Premium Specialists
U00309,1,342.61,342.61,1,10,2,4.84,27,1,3,Premium Specialists
U00310,11,465.17,42.28818181818182,8,3,0,3.097272727272727,26,0,1,Explorer Learners
U00311,1,0.0,0.0,1,1,0,3.15,18,0,2,Budget Learners
U00312,1,0.0,0.0,1,10,2,3.45,30,0,2,Budget Learners
U00313,1,0.0,0.0,1,5,2,4.66,29,0,2,Budget Learners
U00314,3,0.0,0.0,2,9,1,2.9766666666666666,19,0,2,Budget Learners
U00315,12,972.29,81.02416666666666,9,3,1,3.3516666666666666,31,0,1,Explorer Learners
U00316,2,0.0,0.0,2,3,1,3.87,19,0,2,Budget Learners
U00317,3,57.32,19.106666666666666,3,2,0,3.813333333333333,19,1,0,Casual Learners
U00318,1,326.02,326.02,1,1,2,2.69,20,1,3,Premium Specialists
U00319,1,346.71,346.71,1,10,0,1.23,15,0,3,Premium Specialists
U00320,1,285.05,285.05,1,1,1,1.96,29,1,3,Premium Specialists
U00321,14,1822.94,130.21,8,0,1,2.579285714285714,28,1,1,Explorer Learners
U00322,14,626.3,44.73571428571428,7,11,1,3.067857142857143,23,1,1,Explorer Learners
U00323,15,948.99,63.266,8,1,0,3.3059999999999996,21,0,1,Explorer Learners
U00324,1,0.0,0.0,1,9,1,2.88,16,1,0,Casual Learners
U00325,1,0.0,0.0,1,1,0,3.15,26,1,0,Casual Learners
U00326,1,0.0,0.0,1,11,1,2.2,25,0,2,Budget Learners
U00327,4,177.34,44.335,3,5,2,4.035,31,0,2,Budget Learners
U00328,15,1319.8899999999999,87.99266666666666,8,6,1,3.31,29,0,1,Explorer Learners
U00329,12,1632.4199999999998,136.035,8,3,1,3.035833333333333,20,0,1,Explorer Learners
U00330,14,1268.62,90.61571428571428,8,8,2,2.775714285714286,15,0,1,Explorer Learners
U00331,1,276.37,276.37,1,4,0,2.72,17,1,3,Premium Specialists
U00332,1,0.0,0.0,1,7,0,1.81,25,1,0,Casual Learners
U00333,1,0.0,0.0,1,6,0,1.59,26,0,2,Budget Learners
U00334,13,887.52,68.27076923076923,9,0,1,2.64,24,0,1,Explorer Learners
U00335,1,0.0,0.0,1,2,1,4.94,33,0,2,Budget Learners
U00336,1,0.0,0.0,1,0,1,3.64,19,1,0,Casual Learners
U00337,1,0.0,0.0,1,7,2,1.73,29,0,2,Budget Learners
U00338,14,832.77,59.48357142857143,8,3,1,3.3842857142857143,23,0,1,Explorer Learners
U00339,16,2087.63,130.476875,10,10,0,3.13625,29,1,1,Explorer Learners
U00340,14,1220.42,87.17285714285715,8,1,0,2.9549999999999996,30,1,1,Explorer Learners
U00341,1,0.0,0.0,1,8,0,4.79,24,1,0,Casual Learners
U00342,1,0.0,0.0,1,7,2,4.73,26,0,2,Budget Learners
U00343,1,0.0,0.0,1,7,1,1.13,31,1,0,Casual Learners
U00344,1,0.0,0.0,1,2,2,3.93,17,1,0,Casual Learners
U00345,15,1367.21,91.14733333333334,9,9,1,3.5193333333333334,16,1,1,Explorer Learners
U00346,3,326.02,108.67333333333333,3,1,2,3.3699999999999997,33,0,2,Budget Learners
U00347,2,346.71,173.355,2,8,0,2.67,32,0,2,Budget Learners
U00348,1,299.57,299.57,1,3,1,3.74,30,0,3,Premium Specialists
U00349,1,0.0,0.0,1,7,1,1.13,28,1,0,Casual Learners
U00350,2,89.59,44.795,2,0,1,3.8100000000000005,17,1,0,Casual Learners
U00351,13,777.1,59.776923076923076,8,2,0,2.9269230769230767,18,0,1,Explorer Learners
U00352,15,1009.69,67.31266666666667,10,1,1,3.0853333333333333,28,1,1,Explorer Learners
U00353,14,918.31,65.59357142857142,10,5,0,3.3785714285714286,34,0,1,Explorer Learners
U00354,2,0.0,0.0,1,5,1,4.550000000000001,35,1,0,Casual Learners
U00355,1,0.0,0.0,1,4,0,4.45,15,0,2,Budget Learners
U00356,15,619.16,41.27733333333333,10,0,0,3.0913333333333335,21,0,1,Explorer Learners
U00357,15,2191.98,146.132,10,0,1,3.1853333333333333,15,0,1,Explorer Learners
U00358,1,0.0,0.0,1,10,2,3.45,19,1,0,Casual Learners
U00359,1,0.0,0.0,1,9,1,1.28,29,0,2,Budget Learners
U00360,1,0.0,0.0,1,3,2,3.6,32,1,0,Casual Learners
U00361,1,0.0,0.0,1,8,2,4.72,18,0,2,Budget Learners
U00362,13,1113.03,85.61769230769231,8,9,0,3.089230769230769,16,1,1,Explorer Learners
U00363,1,0.0,0.0,1,4,0,1.52,32,0,2,Budget Learners
U00364,1,0.0,0.0,1,10,1,4.68,34,1,0,Casual Learners
U00365,13,500.28000000000003,38.48307692307692,7,8,0,2.576923076923077,30,0,1,Explorer Learners
U00366,2,0.0,0.0,2,0,1,3.545,28,1,0,Casual Learners
U00367,1,0.0,0.0,1,11,0,2.67,21,1,0,Casual Learners
U00368,1,0.0,0.0,1,4,0,1.52,26,1,0,Casual Learners
U00369,4,0.0,0.0,4,1,0,2.665,19,1,0,Casual Learners
U00370,2,606.96,303.48,2,1,0,3.1950000000000003,17,1,3,Premium Specialists
U00371,1,0.0,0.0,1,3,2,3.02,17,0,2,Budget Learners
U00372,1,0.78,0.78,1,7,0,3.89,23,1,0,Casual Learners
U00373,1,0.0,0.0,1,1,0,2.0,26,0,2,Budget Learners
U00374,1,0.0,0.0,1,0,1,3.64,28,0,2,Budget Learners
U00375,1,326.02,326.02,1,1,2,2.69,34,0,3,Premium Specialists
U00376,1,0.0,0.0,1,4,1,4.51,29,1,0,Casual Learners
U00377,1,177.34,177.34,1,5,0,3.89,21,0,2,Budget Learners
U00378,2,0.0,0.0,2,1,0,3.63,21,0,2,Budget Learners
U00379,14,3054.37,218.1692857142857,8,8,1,3.4035714285714285,20,1,1,Explorer Learners
U00380,1,0.78,0.78,1,7,0,3.89,23,0,2,Budget Learners
U00381,1,0.0,0.0,1,4,0,4.45,32,1,0,Casual Learners
U00382,3,394.26,131.42,3,2,0,2.08,25,1,0,Casual Learners
U00383,15,1668.4,111.22666666666667,10,0,0,2.848,29,0,1,Explorer Learners
U00384,2,299.57,149.785,2,3,0,2.875,32,0,2,Budget Learners
U00385,1,0.0,0.0,1,7,2,1.73,20,1,0,Casual Learners
U00386,2,299.57,149.785,2,3,1,4.125,29,0,2,Budget Learners
U00387,1,0.78,0.78,1,7,0,3.89,29,0,2,Budget Learners
U00388,1,342.61,342.61,1,10,2,4.84,18,1,3,Premium Specialists
U00389,1,0.0,0.0,1,2,2,1.91,27,0,2,Budget Learners
U00390,3,0.0,0.0,2,11,1,3.1266666666666665,18,0,2,Budget Learners
U00391,1,0.0,0.0,1,2,2,3.93,19,0,2,Budget Learners
U00392,1,327.99,327.99,1,10,1,1.51,19,0,3,Premium Specialists
U00393,1,0.0,0.0,1,2,1,4.94,30,1,0,Casual Learners
U00394,11,38.67,3.5154545454545456,7,1,0,2.611818181818182,30,0,1,Explorer Learners
U00395,1,0.0,0.0,1,2,1,4.94,22,0,2,Budget Learners
U00396,2,0.0,0.0,2,6,2,2.915,30,1,0,Casual Learners
U00397,1,37.89,37.89,1,11,0,1.3,16,1,0,Casual Learners
U00398,3,117.68,39.22666666666667,3,2,0,3.313333333333333,27,0,2,Budget Learners
U00399,12,1648.36,137.36333333333332,8,0,0,3.0908333333333338,31,0,1,Explorer Learners
U00400,2,0.0,0.0,2,7,0,2.83,23,1,0,Casual Learners
U00401,2,0.0,0.0,2,3,1,2.95,21,0,2,Budget Learners
U00402,2,0.0,0.0,2,6,0,2.13,23,1,0,Casual Learners
U00403,1,0.0,0.0,1,6,2,4.1,34,0,2,Budget Learners
U00404,14,1617.6399999999999,115.54571428571428,10,6,0,3.105714285714286,21,0,1,Explorer Learners
U00405,2,689.3199999999999,344.65999999999997,1,10,0,3.035,24,1,3,Premium Specialists
U00406,15,1417.44,94.49600000000001,11,3,1,2.902,33,1,1,Explorer Learners
U00407,15,1611.98,107.46533333333333,10,0,2,3.3033333333333332,23,1,1,Explorer Learners
U00408,1,0.0,0.0,1,1,0,3.15,19,0,2,Budget Learners
U00409,2,0.0,0.0,2,6,0,2.85,35,1,0,Casual Learners
U00410,1,0.0,0.0,1,11,0,2.67,33,1,0,Casual Learners
U00411,12,789.6700000000001,65.80583333333334,8,8,0,3.2883333333333336,17,0,1,Explorer Learners
U00412,4,236.72000000000003,59.18000000000001,3,6,2,3.3175,24,0,2,Budget Learners
U00413,2,472.28,236.14,2,2,1,4.335,23,1,3,Premium Specialists
U00414,1,0.0,0.0,1,4,0,2.61,25,1,0,Casual Learners
U00415,13,804.99,61.92230769230769,7,6,0,3.1138461538461537,31,0,1,Explorer Learners
U00416,2,0.0,0.0,2,3,1,2.925,17,0,2,Budget Learners
U00417,2,0.0,0.0,2,0,1,2.92,32,0,2,Budget Learners
U00418,3,528.79,176.26333333333332,3,0,1,2.3266666666666667,23,0,3,Premium Specialists
U00419,1,0.78,0.78,1,7,0,3.89,21,0,2,Budget Learners
U00420,1,327.99,327.99,1,10,1,1.51,24,0,3,Premium Specialists
U00421,1,0.0,0.0,1,4,0,4.45,32,1,0,Casual Learners
U00422,3,285.05,95.01666666666667,3,1,1,2.8266666666666667,15,0,2,Budget Learners
U00423,12,1601.22,133.435,6,0,1,3.0866666666666664,27,0,1,Explorer Learners
U00424,11,1213.72,110.33818181818182,7,0,0,3.1900000000000004,35,1,1,Explorer Learners
U00425,1,490.9,490.9,1,0,1,4.55,19,1,3,Premium Specialists
U00426,4,472.28,118.07,3,9,1,3.6750000000000003,21,1,0,Casual Learners
U00427,16,1374.23,85.889375,9,0,1,3.033125,29,0,1,Explorer Learners
U00428,1,0.0,0.0,1,8,0,2.98,23,1,0,Casual Learners
U00429,1,0.0,0.0,1,6,2,4.1,23,0,2,Budget Learners
U00430,1,487.92,487.92,1,1,0,3.64,27,1,3,Premium Specialists
U00431,1,487.92,487.92,1,1,0,3.64,15,0,3,Premium Specialists
U00432,1,0.0,0.0,1,8,0,4.79,31,1,0,Casual Learners
U00433,1,276.37,276.37,1,4,0,2.72,32,0,3,Premium Specialists
U00434,1,177.34,177.34,1,5,0,3.89,22,1,0,Casual Learners
U00435,1,119.04,119.04,1,6,2,2.75,34,0,2,Budget Learners
U00436,1,490.9,490.9,1,0,1,4.55,20,0,3,Premium Specialists
U00437,3,0.0,0.0,3,3,1,3.6666666666666665,28,1,0,Casual Learners
U00438,14,633.26,45.23285714285714,10,2,0,3.3907142857142856,21,1,1,Explorer Learners
U00439,1,0.0,0.0,1,4,0,1.52,31,0,2,Budget Learners
U00440,1,0.0,0.0,1,11,0,2.67,20,0,2,Budget Learners
U00441,1,37.89,37.89,1,11,0,1.3,19,1,0,Casual Learners
U00442,1,285.05,285.05,1,1,1,1.96,21,0,3,Premium Specialists
U00443,2,978.8199999999999,489.40999999999997,2,0,0,4.095,21,0,3,Premium Specialists
U00444,13,1568.18,120.62923076923077,10,3,0,3.7700000000000005,15,0,1,Explorer Learners
U00445,1,285.05,285.05,1,1,1,1.96,31,0,3,Premium Specialists
U00446,2,53.86,26.93,2,6,1,2.895,19,0,2,Budget Learners
U00447,1,0.0,0.0,1,3,2,3.02,23,1,0,Casual Learners
U00448,3,0.0,0.0,2,2,2,3.8366666666666673,27,1,0,Casual Learners
U00449,14,1328.04,94.86,10,3,0,2.9135714285714287,33,0,1,Explorer Learners
U00450,12,1262.44,105.20333333333333,7,1,0,3.125,20,1,1,Explorer Learners
U00451,1,248.1,248.1,1,0,1,1.2,20,1,3,Premium Specialists
U00452,3,57.32,19.106666666666666,3,6,0,3.706666666666667,23,1,0,Casual Learners
U00453,1,490.9,490.9,1,0,1,4.55,20,1,3,Premium Specialists
U00454,4,758.12,189.53,3,10,1,3.4774999999999996,28,0,2,Budget Learners
U00455,3,0.0,0.0,3,0,1,3.24,19,1,0,Casual Learners
U00456,2,0.0,0.0,2,3,1,2.58,24,0,2,Budget Learners
U00457,2,37.89,18.945,2,8,0,3.045,34,0,2,Budget Learners
U00458,4,207.27,51.8175,4,0,0,3.0324999999999998,31,0,2,Budget Learners
U00459,1,0.0,0.0,1,10,2,3.45,22,1,0,Casual Learners
U00460,2,415.51,207.755,2,0,1,3.38,24,0,3,Premium Specialists
U00461,2,490.9,245.45,2,0,1,4.640000000000001,21,0,3,Premium Specialists
U00462,2,326.02,163.01,2,1,0,3.74,30,1,0,Casual Learners
U00463,1,0.0,0.0,1,10,2,3.45,18,0,2,Budget Learners
U00464,12,1024.06,85.33833333333332,7,4,1,2.8266666666666667,25,1,1,Explorer Learners
U00465,1,0.78,0.78,1,7,0,3.89,26,1,0,Casual Learners
U00466,2,212.39,106.195,2,5,0,3.9349999999999996,32,0,2,Budget Learners
U00467,1,0.0,0.0,1,2,0,2.38,34,1,0,Casual Learners
U00468,1,0.0,0.0,1,2,1,4.94,19,0,2,Budget Learners
U00469,2,0.0,0.0,2,7,0,1.9,20,0,2,Budget Learners
U00470,1,89.59,89.59,1,0,2,2.68,18,0,2,Budget Learners
U00471,1,0.0,0.0,1,5,1,4.44,31,0,2,Budget Learners
U00472,1,0.0,0.0,1,10,1,4.68,22,0,2,Budget Learners
U00473,3,342.61,114.20333333333333,3,7,1,3.0966666666666662,32,0,2,Budget Learners
U00474,1,57.32,57.32,1,11,0,4.74,31,1,0,Casual Learners
U00475,3,604.36,201.45333333333335,3,3,0,2.4166666666666665,24,1,3,Premium Specialists
U00476,2,276.37,138.185,2,4,0,2.1550000000000002,29,0,2,Budget Learners
U00477,1,37.89,37.89,1,11,0,1.3,19,1,0,Casual Learners
U00478,2,57.32,28.66,2,7,0,3.2350000000000003,30,1,0,Casual Learners
U00479,2,0.0,0.0,2,2,0,2.8499999999999996,33,1,0,Casual Learners
U00480,1,0.0,0.0,1,5,2,4.66,20,0,2,Budget Learners
U00481,1,326.02,326.02,1,1,2,2.69,32,0,3,Premium Specialists
U00482,1,0.0,0.0,1,5,2,4.66,33,0,2,Budget Learners
U00483,1,487.92,487.92,1,1,0,3.64,22,1,3,Premium Specialists
U00484,2,0.0,0.0,2,3,2,2.725,16,1,0,Casual Learners
U00485,1,0.0,0.0,1,10,1,4.68,29,0,2,Budget Learners
U00486,2,0.0,0.0,2,7,2,4.09,21,0,2,Budget Learners
U00487,2,0.0,0.0,1,3,1,3.335,15,0,2,Budget Learners
U00488,2,119.04,59.52,2,4,0,2.6799999999999997,20,1,0,Casual Learners
U00489,3,448.12,149.37333333333333,3,2,1,1.6500000000000001,18,1,3,Premium Specialists
U00490,1,0.0,0.0,1,1,0,3.15,33,1,0,Casual Learners
U00491,1,394.26,394.26,1,2,2,1.35,20,1,3,Premium Specialists
U00492,1,177.34,177.34,1,5,0,3.89,20,0,2,Budget Learners
U00493,1,0.0,0.0,1,10,2,3.45,30,1,0,Casual Learners
U00494,13,1007.0,77.46153846153847,10,0,0,3.180769230769231,26,1,1,Explorer Learners
U00495,2,285.05,142.525,2,1,1,3.235,35,0,2,Budget Learners
U00496,1,0.0,0.0,1,2,0,2.38,29,0,2,Budget Learners
U00497,3,0.0,0.0,2,11,1,3.0533333333333332,21,0,2,Budget Learners
U00498,3,0.0,0.0,3,5,2,4.073333333333333,20,0,2,Budget Learners
U00499,1,415.51,415.51,1,0,2,3.11,21,1,3,Premium Specialists
U00500,2,590.71,295.355,2,0,1,3.02,16,0,3,Premium Specialists
U00501,1,0.0,0.0,1,2,2,3.93,26,0,2,Budget Learners
U00502,2,0.78,0.39,2,7,0,3.87,22,0,2,Budget Learners
U00503,2,0.0,0.0,2,4,1,4.475,15,1,0,Casual Learners
U00504,2,0.0,0.0,2,2,1,3.625,16,1,0,Casual Learners
U00505,1,0.0,0.0,1,6,2,4.1,17,1,0,Casual Learners
U00506,1,0.0,0.0,1,3,2,3.6,33,0,2,Budget Learners
U00507,2,177.34,88.67,2,3,0,3.455,15,1,0,Casual Learners
U00508,1,0.0,0.0,1,5,1,4.44,28,0,2,Budget Learners
U00509,1,0.0,0.0,1,6,1,4.14,20,0,2,Budget Learners
U00510,1,0.0,0.0,1,1,0,2.0,15,1,0,Casual Learners
U00511,1,0.0,0.0,1,8,0,2.98,28,1,0,Casual Learners
U00512,2,326.02,163.01,2,1,0,2.14,22,1,0,Casual Learners
U00513,1,0.0,0.0,1,5,1,4.44,25,1,0,Casual Learners
U00514,3,589.96,196.65333333333334,2,9,1,3.3966666666666665,30,0,2,Budget Learners
U00515,2,0.0,0.0,2,1,0,3.085,19,0,2,Budget Learners
U00516,1,177.34,177.34,1,5,0,3.89,33,0,2,Budget Learners
U00517,1,0.0,0.0,1,3,2,3.6,22,0,2,Budget Learners
U00518,1,415.51,415.51,1,0,2,3.11,20,0,3,Premium Specialists
U00519,1,0.0,0.0,1,3,2,3.6,27,0,2,Budget Learners
U00520,1,0.0,0.0,1,3,2,3.6,29,1,0,Casual Learners
U00521,1,0.0,0.0,1,7,0,1.81,26,0,2,Budget Learners
U00522,1,0.0,0.0,1,10,1,4.68,21,1,0,Casual Learners
U00523,1,342.61,342.61,1,10,2,4.84,31,1,3,Premium Specialists
U00524,2,119.04,59.52,1,6,1,3.445,24,1,0,Casual Learners
U00525,1,0.0,0.0,1,5,2,4.66,31,1,0,Casual Learners
U00526,1,0.0,0.0,1,0,1,3.64,24,1,0,Casual Learners
U00527,2,0.0,0.0,2,5,0,3.8200000000000003,18,1,0,Casual Learners
U00528,1,0.0,0.0,1,9,1,1.28,26,0,2,Budget Learners
U00529,2,0.0,0.0,2,8,0,2.105,25,1,0,Casual Learners
U00530,1,53.86,53.86,1,6,1,2.47,35,0,2,Budget Learners
U00531,2,394.26,197.13,2,2,1,2.8950000000000005,24,1,3,Premium Specialists
U00532,1,472.28,472.28,1,9,1,4.74,15,0,3,Premium Specialists
U00533,2,0.0,0.0,2,4,0,3.665,29,1,0,Casual Learners
U00534,4,177.34,44.335,4,5,0,2.83,27,0,2,Budget Learners
U00535,2,415.51,207.755,2,0,2,3.52,23,1,3,Premium Specialists
U00536,1,0.0,0.0,1,10,2,3.45,35,0,2,Budget Learners
U00537,2,346.71,173.355,2,8,0,3.01,25,0,2,Budget Learners
U00538,1,0.0,0.0,1,1,0,3.15,20,1,0,Casual Learners
U00539,1,299.57,299.57,1,3,1,3.74,25,1,3,Premium Specialists
U00540,1,53.86,53.86,1,6,1,2.47,15,1,0,Casual Learners
U00541,3,330.07,110.02333333333333,3,3,0,3.39,19,1,0,Casual Learners
U00542,1,0.0,0.0,1,1,0,3.15,32,1,0,Casual Learners
U00543,13,1371.22,105.47846153846154,10,0,2,2.9076923076923076,18,0,1,Explorer Learners
U00544,1,0.0,0.0,1,9,1,3.85,30,1,0,Casual Learners
U00545,1,0.0,0.0,1,0,1,3.64,18,0,2,Budget Learners
U00546,1,0.0,0.0,1,6,2,4.1,25,1,0,Casual Learners
U00547,1,177.34,177.34,1,5,0,3.89,19,0,2,Budget Learners
U00548,14,1922.05,137.2892857142857,9,1,0,2.8528571428571428,32,0,1,Explorer Learners
U00549,1,53.86,53.86,1,6,1,2.47,17,0,2,Budget Learners
U00550,2,0.0,0.0,2,4,0,2.6399999999999997,17,1,0,Casual Learners
U00551,4,234.66,58.665,4,3,0,4.105,35,1,0,Casual Learners
U00552,2,0.0,0.0,2,7,1,2.005,30,0,2,Budget Learners
U00553,2,0.0,0.0,2,1,0,3.225,15,1,0,Casual Learners
U00554,1,285.05,285.05,1,1,1,1.96,18,1,3,Premium Specialists
U00555,1,415.51,415.51,1,0,2,3.11,17,0,3,Premium Specialists
U00556,14,1315.72,93.98,9,4,1,3.281428571428571,25,0,1,Explorer Learners
U00557,2,0.78,0.39,2,7,0,4.34,31,1,0,Casual Learners
U00558,1,0.0,0.0,1,6,1,4.14,32,1,0,Casual Learners
U00559,11,719.21,65.38272727272728,9,0,1,2.5172727272727276,20,1,1,Explorer Learners
U00560,2,790.47,395.235,2,0,1,4.145,32,1,3,Premium Specialists
U00561,1,0.0,0.0,1,10,1,4.68,33,1,0,Casual Learners
U00562,15,1598.45,106.56333333333333,10,6,0,2.4859999999999998,23,0,1,Explorer Learners
U00563,2,0.0,0.0,2,1,0,3.22,31,0,2,Budget Learners
U00564,1,53.86,53.86,1,6,1,2.47,15,1,0,Casual Learners
U00565,2,248.1,124.05,2,0,1,1.67,28,1,0,Casual Learners
U00566,2,0.78,0.39,2,5,0,4.275,31,1,0,Casual Learners
U00567,1,285.05,285.05,1,1,1,1.96,20,1,3,Premium Specialists
U00568,1,0.0,0.0,1,1,0,3.15,16,0,2,Budget Learners
U00569,14,1063.45,75.96071428571429,7,10,0,3.0749999999999997,15,0,1,Explorer Learners
U00570,14,777.67,55.54785714285714,9,0,1,3.4992857142857146,27,1,1,Explorer Learners
U00571,2,0.0,0.0,2,4,1,4.324999999999999,22,0,2,Budget Learners
U00572,13,567.28,43.636923076923075,9,2,0,3.1284615384615386,32,1,1,Explorer Learners
U00573,11,1047.29,95.20818181818181,8,2,2,3.0790909090909087,30,1,1,Explorer Learners
U00574,14,779.6099999999999,55.686428571428564,9,0,0,2.6185714285714288,33,0,1,Explorer Learners
U00575,1,0.0,0.0,1,6,2,4.1,35,1,0,Casual Learners
U00576,13,1001.74,77.05692307692308,9,5,0,3.3969230769230774,16,1,1,Explorer Learners
U00577,1,342.61,342.61,1,10,2,4.84,17,0,3,Premium Specialists
U00578,1,0.0,0.0,1,5,2,4.66,26,1,0,Casual Learners
U00579,1,0.0,0.0,1,9,1,3.85,34,1,0,Casual Learners
U00580,3,0.0,0.0,3,2,1,2.75,24,0,2,Budget Learners
U00581,2,89.59,44.795,2,0,0,2.675,32,0,2,Budget Learners
U00582,1,0.0,0.0,1,9,1,2.88,26,1,0,Casual Learners
U00583,1,0.0,0.0,1,2,0,2.38,21,0,2,Budget Learners
U00584,14,2559.85,182.84642857142856,8,6,2,2.7164285714285716,31,0,1,Explorer Learners
U00585,2,0.0,0.0,2,7,1,2.2249999999999996,19,0,2,Budget Learners
U00586,1,299.57,299.57,1,3,1,3.74,21,1,3,Premium Specialists
U00587,2,346.71,173.355,2,9,0,2.54,22,0,2,Budget Learners
U00588,1,57.32,57.32,1,11,0,4.74,24,1,0,Casual Learners
U00589,1,0.0,0.0,1,4,0,1.52,19,0,2,Budget Learners
U00590,1,0.0,0.0,1,1,0,3.15,19,1,0,Casual Learners
U00591,2,0.0,0.0,2,3,1,2.87,35,1,0,Casual Learners
U00592,14,963.18,68.79857142857142,8,0,1,3.4057142857142857,18,0,1,Explorer Learners
U00593,2,89.59,44.795,2,0,0,2.3449999999999998,23,1,0,Casual Learners
U00594,1,0.0,0.0,1,9,1,3.85,20,1,0,Casual Learners
U00595,14,1075.46,76.81857142857143,9,4,1,2.6028571428571428,29,1,1,Explorer Learners
U00596,2,177.34,88.67,2,5,0,3.605,26,1,0,Casual Learners
U00597,1,248.1,248.1,1,0,1,1.2,28,0,3,Premium Specialists
U00598,1,415.51,415.51,1,0,2,3.11,28,1,3,Premium Specialists
U00599,1,0.0,0.0,1,7,2,1.73,33,1,0,Casual Learners
U00600,1,0.0,0.0,1,5,1,2.14,21,1,0,Casual Learners
U00601,1,0.0,0.0,1,11,0,2.67,24,1,0,Casual Learners
U00602,3,0.0,0.0,3,5,1,3.85,25,0,2,Budget Learners
U00603,2,0.78,0.39,2,6,0,3.995,35,1,0,Casual Learners
U00604,14,662.4399999999999,47.317142857142855,9,7,0,2.843571428571429,30,0,1,Explorer Learners
U00605,3,117.68,39.22666666666667,3,0,0,3.643333333333333,30,0,2,Budget Learners
U00606,2,0.0,0.0,2,1,0,3.255,33,0,2,Budget Learners
U00607,2,285.99,142.995,2,0,0,1.25,30,1,0,Casual Learners
U00608,1,0.0,0.0,1,9,2,2.43,31,1,0,Casual Learners
U00609,4,327.99,81.9975,4,1,0,2.8275,33,0,2,Budget Learners
U00610,1,0.0,0.0,1,8,0,4.79,19,1,0,Casual Learners
U00611,2,415.51,207.755,2,0,2,3.065,30,1,3,Premium Specialists
U00612,1,57.32,57.32,1,11,0,4.74,23,1,0,Casual Learners
U00613,2,490.9,245.45,2,0,1,2.915,24,1,3,Premium Specialists
U00614,1,0.0,0.0,1,5,1,4.44,23,0,2,Budget Learners
U00615,1,0.0,0.0,1,1,0,3.15,20,1,0,Casual Learners
U00616,2,0.0,0.0,2,2,1,3.035,19,0,2,Budget Learners
U00617,1,0.0,0.0,1,3,2,3.02,18,0,2,Budget Learners
U00618,1,0.0,0.0,1,5,1,2.14,22,1,0,Casual Learners
U00619,12,636.6500000000001,53.054166666666674,9,2,2,3.4450000000000003,32,0,1,Explorer Learners
U00620,1,0.0,0.0,1,6,0,1.59,30,1,0,Casual Learners
U00621,2,0.0,0.0,2,9,0,1.975,20,1,0,Casual Learners
U00622,13,524.05,40.31153846153846,8,3,0,3.5276923076923077,28,0,1,Explorer Learners
U00623,2,119.04,59.52,2,5,2,3.705,23,0,2,Budget Learners
U00624,2,0.0,0.0,2,4,1,3.915,34,0,2,Budget Learners
U00625,4,394.26,98.565,3,2,2,3.1950000000000003,28,1,0,Casual Learners
U00626,1,177.34,177.34,1,5,0,3.89,19,1,0,Casual Learners
U00627,4,487.92,121.98,3,7,1,1.945,34,0,2,Budget Learners
U00628,2,472.28,236.14,2,9,1,4.03,32,0,2,Budget Learners
U00629,1,0.0,0.0,1,4,0,2.61,20,0,2,Budget Learners
U00630,3,296.38,98.79333333333334,2,6,0,3.5933333333333333,17,1,0,Casual Learners
U00631,2,0.0,0.0,2,2,0,4.19,20,1,0,Casual Learners
U00632,1,0.0,0.0,1,7,0,1.81,26,0,2,Budget Learners
U00633,14,1177.45,84.10357142857143,9,1,0,2.855,35,0,1,Explorer Learners
U00634,3,276.37,92.12333333333333,2,4,0,3.44,15,0,2,Budget Learners
U00635,1,0.0,0.0,1,7,2,4.73,26,0,2,Budget Learners
U00636,13,1701.73,130.9023076923077,10,1,1,3.174615384615385,21,0,1,Explorer Learners
U00637,2,529.6,264.8,2,9,0,4.74,22,0,3,Premium Specialists
U00638,2,57.32,28.66,1,11,0,3.705,19,0,2,Budget Learners
U00639,14,1010.86,72.20428571428572,8,2,0,3.0192857142857146,33,0,1,Explorer Learners
U00640,1,490.9,490.9,1,0,1,4.55,31,1,3,Premium Specialists
U00641,1,342.61,342.61,1,10,2,4.84,32,1,3,Premium Specialists
U00642,2,0.0,0.0,2,1,0,2.66,17,1,0,Casual Learners
U00643,1,327.99,327.99,1,10,1,1.51,20,0,3,Premium Specialists
U00644,1,0.0,0.0,1,9,1,2.88,20,0,2,Budget Learners
U00645,1,299.57,299.57,1,3,1,3.74,23,0,3,Premium Specialists
U00646,1,0.0,0.0,1,9,1,2.88,29,0,2,Budget Learners
U00647,1,487.92,487.92,1,1,0,3.64,26,0,3,Premium Specialists
U00648,2,472.28,236.14,2,5,1,4.7,19,1,3,Premium Specialists
U00649,1,415.51,415.51,1,0,2,3.11,32,1,3,Premium Specialists
U00650,1,0.0,0.0,1,8,2,4.72,26,0,2,Budget Learners
U00651,4,296.38,74.095,3,9,1,3.3425000000000002,29,1,0,Casual Learners
U00652,2,394.26,197.13,2,2,1,2.335,16,0,3,Premium Specialists
U00653,1,346.71,346.71,1,10,0,1.23,15,1,3,Premium Specialists
U00654,2,53.86,26.93,2,6,1,1.875,24,1,0,Casual Learners
U00655,1,53.86,53.86,1,6,1,2.47,33,0,2,Budget Learners
U00656,1,0.0,0.0,1,6,1,4.14,31,1,0,Casual Learners
U00657,1,89.59,89.59,1,0,2,2.68,23,1,0,Casual Learners
U00658,1,0.0,0.0,1,5,2,4.66,23,0,2,Budget Learners
U00659,2,0.0,0.0,2,6,1,4.41,33,1,0,Casual Learners
U00660,2,577.51,288.755,2,0,0,3.16,22,1,3,Premium Specialists
U00661,4,212.39,53.0975,3,9,2,2.87,23,0,2,Budget Learners
U00662,1,285.05,285.05,1,1,1,1.96,30,0,3,Premium Specialists
U00663,1,285.05,285.05,1,1,1,1.96,35,1,3,Premium Specialists
U00664,1,117.68,117.68,1,3,0,2.57,17,1,0,Casual Learners
U00665,1,37.89,37.89,1,11,0,1.3,35,1,0,Casual Learners
U00666,12,969.72,80.81,9,10,0,2.910833333333333,30,0,1,Explorer Learners
U00667,2,212.39,106.195,2,5,0,3.065,18,0,2,Budget Learners
U00668,2,0.0,0.0,2,8,0,4.32,34,0,2,Budget Learners
U00669,1,248.1,248.1,1,0,1,1.2,20,0,3,Premium Specialists
U00670,2,0.0,0.0,2,2,1,4.52,17,1,0,Casual Learners
U00671,1,0.0,0.0,1,1,0,3.15,18,0,2,Budget Learners
U00672,1,0.0,0.0,1,8,2,4.11,15,1,0,Casual Learners
U00673,2,380.5,190.25,2,10,0,3.07,24,0,2,Budget Learners
U00674,1,0.0,0.0,1,1,0,2.0,21,1,0,Casual Learners
U00675,1,0.0,0.0,1,8,0,2.01,20,0,2,Budget Learners
U00676,2,0.0,0.0,2,4,0,3.1550000000000002,32,1,0,Casual Learners
U00677,1,415.51,415.51,1,0,2,3.11,35,0,3,Premium Specialists
U00678,1,0.0,0.0,1,6,1,4.14,33,0,2,Budget Learners
U00679,1,276.37,276.37,1,4,0,2.72,28,1,3,Premium Specialists
U00680,1,487.92,487.92,1,1,0,3.64,35,0,3,Premium Specialists
U00681,2,0.0,0.0,2,1,0,3.3,32,1,0,Casual Learners
U00682,1,0.0,0.0,1,5,1,4.44,33,1,0,Casual Learners
U00683,1,0.0,0.0,1,4,0,2.61,20,0,2,Budget Learners
U00684,3,0.0,0.0,2,4,0,3.0666666666666664,28,0,2,Budget Learners
U00685,1,487.92,487.92,1,1,0,3.64,29,0,3,Premium Specialists
U00686,1,0.0,0.0,1,11,1,2.2,35,0,2,Budget Learners
U00687,15,1775.49,118.366,11,11,1,2.806,29,0,1,Explorer Learners
U00688,2,0.78,0.39,1,7,0,2.85,30,0,2,Budget Learners
U00689,2,0.0,0.0,2,4,0,3.67,19,0,2,Budget Learners
U00690,1,0.0,0.0,1,5,2,4.66,29,0,2,Budget Learners
U00691,1,0.0,0.0,1,4,0,2.61,16,0,2,Budget Learners
U00692,1,0.0,0.0,1,10,2,3.45,27,1,0,Casual Learners
U00693,1,57.32,57.32,1,11,0,4.74,35,0,2,Budget Learners
U00694,1,0.0,0.0,1,3,2,3.6,33,0,2,Budget Learners
U00695,1,0.0,0.0,1,4,0,4.45,31,0,2,Budget Learners
U00696,1,0.0,0.0,1,10,2,3.45,25,1,0,Casual Learners
U00697,1,0.0,0.0,1,9,1,3.85,32,0,2,Budget Learners
U00698,2,37.89,18.945,2,8,0,3.045,32,0,2,Budget Learners
U00699,2,0.0,0.0,2,7,0,3.2649999999999997,20,1,0,Casual Learners
U00700,1,117.68,117.68,1,3,0,2.57,25,1,0,Casual Learners
U00701,14,1435.67,102.54785714285715,10,1,0,3.005,32,1,1,Explorer Learners
U00702,3,0.0,0.0,3,4,0,2.5066666666666664,22,0,2,Budget Learners
U00703,3,469.37,156.45666666666668,3,0,0,2.6533333333333333,32,0,2,Budget Learners
U00704,13,1528.24,117.55692307692308,8,10,1,3.506153846153846,30,1,1,Explorer Learners
U00705,1,0.0,0.0,1,8,0,4.79,15,1,0,Casual Learners
U00706,2,787.49,393.745,2,1,0,3.6900000000000004,21,1,3,Premium Specialists
U00707,1,0.0,0.0,1,4,1,4.51,29,1,0,Casual Learners
U00708,1,0.0,0.0,1,8,2,4.72,29,0,2,Budget Learners
U00709,14,1042.92,74.49428571428572,10,5,0,3.5092857142857143,23,0,1,Explorer Learners
U00710,1,248.1,248.1,1,0,1,1.2,19,1,3,Premium Specialists
U00711,2,327.99,163.995,2,10,1,2.415,27,1,0,Casual Learners
U00712,2,0.0,0.0,2,1,0,3.05,27,0,2,Budget Learners
U00713,1,472.28,472.28,1,9,1,4.74,17,0,3,Premium Specialists
U00714,3,0.0,0.0,3,3,1,4.273333333333333,25,1,0,Casual Learners
U00715,1,0.0,0.0,1,1,0,3.15,25,0,2,Budget Learners
U00716,4,295.02,73.755,3,3,0,3.005,29,1,0,Casual Learners
U00717,1,0.0,0.0,1,2,2,1.91,34,0,2,Budget Learners
U00718,2,285.05,142.525,2,1,1,2.42,27,0,2,Budget Learners
U00719,1,117.68,117.68,1,3,0,2.57,25,0,2,Budget Learners
U00720,1,415.51,415.51,1,0,2,3.11,17,0,3,Premium Specialists
U00721,1,0.0,0.0,1,4,0,2.61,20,0,2,Budget Learners
U00722,3,276.37,92.12333333333333,3,1,0,1.95,16,0,2,Budget Learners
U00723,14,1213.66,86.69000000000001,10,10,0,3.0942857142857143,35,1,1,Explorer Learners
U00724,15,1375.81,91.72066666666666,9,1,2,3.530666666666667,16,0,1,Explorer Learners
U00725,1,0.0,0.0,1,11,1,3.32,28,0,2,Budget Learners
U00726,1,472.28,472.28,1,9,1,4.74,26,0,3,Premium Specialists
U00727,4,389.73,97.4325,3,5,0,3.0225,33,0,2,Budget Learners
U00728,1,0.0,0.0,1,8,2,4.11,17,1,0,Casual Learners
U00729,2,0.0,0.0,2,8,0,3.835,30,1,0,Casual Learners
U00730,2,487.92,243.96,2,1,0,3.31,30,1,3,Premium Specialists
U00731,2,285.05,142.525,2,1,1,2.6399999999999997,16,1,0,Casual Learners
U00732,1,394.26,394.26,1,2,2,1.35,22,1,3,Premium Specialists
U00733,1,0.0,0.0,1,4,0,2.61,28,0,2,Budget Learners
U00734,4,299.57,74.8925,3,3,0,2.7875,20,1,0,Casual Learners
U00735,2,212.39,106.195,2,1,0,2.575,17,1,0,Casual Learners
U00736,1,0.0,0.0,1,7,2,4.73,19,0,2,Budget Learners
U00737,2,207.27,103.635,2,0,0,2.625,18,1,0,Casual Learners
U00738,3,250.27999999999997,83.42666666666666,3,2,0,3.1300000000000003,29,0,2,Budget Learners
U00739,1,0.0,0.0,1,6,2,4.1,25,0,2,Budget Learners
U00740,1,327.99,327.99,1,10,1,1.51,34,0,3,Premium Specialists
U00741,4,461.65000000000003,115.41250000000001,3,6,2,4.1125,33,0,2,Budget Learners
U00742,1,327.99,327.99,1,10,1,1.51,29,1,3,Premium Specialists
U00743,4,37.89,9.4725,3,9,0,1.96,19,1,0,Casual Learners
U00744,1,0.0,0.0,1,8,0,2.98,15,1,0,Casual Learners
U00745,2,0.0,0.0,2,1,0,2.335,29,0,2,Budget Learners
U00746,2,276.37,138.185,2,1,0,2.3600000000000003,28,1,0,Casual Learners
U00747,1,0.0,0.0,1,11,1,2.2,28,0,2,Budget Learners
U00748,2,0.0,0.0,2,1,0,2.335,30,0,2,Budget Learners
U00749,1,0.0,0.0,1,8,2,4.72,18,1,0,Casual Learners
U00750,1,487.92,487.92,1,1,0,3.64,23,0,3,Premium Specialists
U00751,1,0.0,0.0,1,9,1,1.28,19,1,0,Casual Learners
U00752,13,1666.6499999999999,128.20384615384614,9,4,0,2.8469230769230767,30,1,1,Explorer Learners
U00753,2,0.0,0.0,2,8,1,3.495,28,1,0,Casual Learners
U00754,1,490.9,490.9,1,0,1,4.55,33,1,3,Premium Specialists
U00755,1,0.0,0.0,1,2,2,1.91,31,1,0,Casual Learners
U00756,1,0.0,0.0,1,6,2,4.1,33,0,2,Budget Learners
U00757,1,53.86,53.86,1,6,1,2.47,22,0,2,Budget Learners
U00758,1,0.0,0.0,1,1,0,2.0,16,1,0,Casual Learners
U00759,1,0.78,0.78,1,7,0,3.89,22,1,0,Casual Learners
U00760,13,1583.69,121.8223076923077,9,9,1,3.2353846153846155,21,0,1,Explorer Learners
U00761,1,0.0,0.0,1,5,1,4.44,31,1,0,Casual Learners
U00762,1,346.71,346.71,1,10,0,1.23,22,0,3,Premium Specialists
U00763,1,0.0,0.0,1,3,2,3.02,16,1,0,Casual Learners
U00764,2,0.0,0.0,1,8,0,2.495,18,1,0,Casual Learners
U00765,11,1188.0,108.0,7,3,2,2.641818181818182,31,0,1,Explorer Learners
U00766,3,0.0,0.0,2,8,2,4.333333333333333,31,0,2,Budget Learners
U00767,14,1529.52,109.25142857142858,10,9,0,3.0335714285714284,16,0,1,Explorer Learners
U00768,2,0.0,0.0,2,4,0,3.59,19,1,0,Casual Learners
U00769,1,0.0,0.0,1,4,0,4.45,16,0,2,Budget Learners
U00770,1,0.0,0.0,1,7,2,4.73,29,1,0,Casual Learners
U00771,1,285.05,285.05,1,1,1,1.96,18,1,3,Premium Specialists
U00772,13,342.61,26.354615384615386,9,2,2,3.547692307692308,24,0,1,Explorer Learners
U00773,1,119.04,119.04,1,6,2,2.75,25,0,2,Budget Learners
U00774,1,0.0,0.0,1,2,0,2.38,27,1,0,Casual Learners
U00775,14,1391.4,99.38571428571429,8,9,1,3.281428571428571,29,0,1,Explorer Learners
U00776,1,490.9,490.9,1,0,1,4.55,26,0,3,Premium Specialists
U00777,4,999.88,249.97,4,1,0,3.6675,29,1,3,Premium Specialists
U00778,2,0.0,0.0,2,7,0,2.355,33,1,0,Casual Learners
U00779,1,0.0,0.0,1,2,0,2.38,24,0,2,Budget Learners
U00780,1,0.0,0.0,1,9,2,2.43,32,0,2,Budget Learners
U00781,1,0.0,0.0,1,3,2,3.6,18,0,2,Budget Learners
U00782,1,0.0,0.0,1,4,0,2.61,25,1,0,Casual Learners
U00783,2,57.32,28.66,2,3,0,3.88,35,0,2,Budget Learners
U00784,2,299.57,149.785,2,3,1,4.21,22,0,2,Budget Learners
U00785,1,0.0,0.0,1,5,2,4.66,17,0,2,Budget Learners
U00786,13,1193.7,91.82307692307693,8,6,0,3.2807692307692307,32,0,1,Explorer Learners
U00787,9,510.16999999999996,56.68555555555555,6,9,1,3.12,29,0,2,Budget Learners
U00788,2,0.0,0.0,2,5,1,1.935,24,1,0,Casual Learners
U00789,2,37.89,18.945,2,3,0,2.475,17,0,2,Budget Learners
U00790,2,347.48999999999995,173.74499999999998,2,7,0,2.56,16,0,2,Budget Learners
U00791,2,89.59,44.795,2,0,2,3.305,34,0,2,Budget Learners
U00792,1,346.71,346.71,1,10,0,1.23,20,1,3,Premium Specialists
U00793,4,212.39,53.0975,3,5,0,3.45,19,1,0,Casual Learners
U00794,2,0.0,0.0,2,0,0,2.58,23,0,2,Budget Learners
U00795,3,285.05,95.01666666666667,3,1,1,2.9466666666666668,34,0,2,Budget Learners
U00796,2,212.39,106.195,2,5,0,2.215,22,0,2,Budget Learners
U00797,3,0.0,0.0,3,4,2,3.4499999999999997,20,1,0,Casual Learners
U00798,1,0.0,0.0,1,4,0,1.52,19,0,2,Budget Learners
U00799,2,0.0,0.0,2,3,1,2.925,26,0,2,Budget Learners
U00800,2,415.51,207.755,2,0,2,3.92,29,0,3,Premium Specialists
U00801,2,415.51,207.755,2,0,2,3.92,32,0,3,Premium Specialists
U00802,2,119.04,59.52,2,1,0,2.95,31,1,0,Casual Learners
U00803,3,276.37,92.12333333333333,3,1,0,2.9633333333333334,26,1,0,Casual Learners
U00804,2,89.59,44.795,2,0,1,1.98,24,0,2,Budget Learners
U00805,1,0.0,0.0,1,8,2,4.11,18,0,2,Budget Learners
U00806,1,0.0,0.0,1,3,1,3.65,27,1,0,Casual Learners
U00807,1,342.61,342.61,1,10,2,4.84,35,0,3,Premium Specialists
U00808,1,0.0,0.0,1,0,1,3.64,27,0,2,Budget Learners
U00809,1,490.9,490.9,1,0,1,4.55,24,1,3,Premium Specialists
U00810,1,276.37,276.37,1,4,0,2.72,28,1,3,Premium Specialists
U00811,3,487.92,162.64000000000001,2,11,1,3.0533333333333332,25,0,2,Budget Learners
U00812,3,285.05,95.01666666666667,2,4,1,3.64,24,0,2,Budget Learners
U00813,4,0.0,0.0,4,1,2,3.815,33,1,0,Casual Learners
U00814,1,0.0,0.0,1,8,0,2.01,21,0,2,Budget Learners
U00815,2,415.51,207.755,2,0,2,3.92,17,1,3,Premium Specialists
U00816,3,89.59,29.863333333333333,3,0,2,2.106666666666667,34,1,0,Casual Learners
U00817,1,0.0,0.0,1,11,1,3.32,35,0,2,Budget Learners
U00818,1,0.0,0.0,1,8,0,4.79,20,0,2,Budget Learners
U00819,14,1143.41,81.67214285714286,9,2,0,3.027857142857143,28,0,1,Explorer Learners
U00820,3,487.92,162.64000000000001,3,1,0,3.126666666666667,31,0,2,Budget Learners
U00821,13,1597.3,122.86923076923077,11,0,1,2.9061538461538463,23,1,1,Explorer Learners
U00822,1,0.0,0.0,1,9,2,2.43,35,0,2,Budget Learners
U00823,1,212.39,212.39,1,5,0,3.15,22,1,0,Casual Learners
U00824,1,0.0,0.0,1,6,2,4.1,27,1,0,Casual Learners
U00825,3,487.92,162.64000000000001,3,1,0,3.703333333333333,26,1,0,Casual Learners
U00826,1,53.86,53.86,1,6,1,2.47,16,1,0,Casual Learners
U00827,2,0.0,0.0,2,6,2,4.41,26,0,2,Budget Learners
U00828,3,592.85,197.61666666666667,3,0,2,3.9066666666666663,25,1,3,Premium Specialists
U00829,16,1338.31,83.644375,8,2,1,3.054375,22,1,1,Explorer Learners
U00830,1,326.02,326.02,1,1,2,2.69,26,0,3,Premium Specialists
U00831,2,0.0,0.0,2,4,0,3.16,18,1,0,Casual Learners
U00832,1,0.0,0.0,1,9,1,3.85,20,0,2,Budget Learners
U00833,3,0.0,0.0,3,7,0,2.0066666666666664,32,0,2,Budget Learners
U00834,1,0.0,0.0,1,11,1,2.2,30,1,0,Casual Learners
U00835,1,0.0,0.0,1,3,2,3.02,33,0,2,Budget Learners
U00836,15,931.7,62.11333333333334,9,5,1,2.886,29,0,1,Explorer Learners
U00837,4,285.05,71.2625,3,9,1,2.5175,28,1,0,Casual Learners
U00838,12,1027.19,85.59916666666668,8,3,0,2.8408333333333338,25,0,1,Explorer Learners
U00839,1,0.0,0.0,1,2,1,4.94,33,1,0,Casual Learners
U00840,3,394.26,131.42,3,2,2,2.4533333333333336,18,1,0,Casual Learners
U00841,1,0.0,0.0,1,2,2,1.91,29,0,2,Budget Learners
U00842,2,89.59,44.795,2,0,1,2.7800000000000002,21,0,2,Budget Learners
U00843,1,276.37,276.37,1,4,0,2.72,21,1,3,Premium Specialists
U00844,1,0.0,0.0,1,8,2,4.72,26,1,0,Casual Learners
U00845,1,53.86,53.86,1,6,1,2.47,25,0,2,Budget Learners
U00846,1,57.32,57.32,1,11,0,4.74,16,1,0,Casual Learners
U00847,1,0.0,0.0,1,5,2,4.66,23,1,0,Casual Learners
U00848,4,415.51,103.8775,3,0,2,3.7825,28,1,0,Casual Learners
U00849,2,248.1,124.05,1,0,1,2.42,20,1,0,Casual Learners
U00850,15,897.95,59.86333333333334,9,10,0,3.0846666666666662,26,1,1,Explorer Learners
U00851,1,0.0,0.0,1,7,2,4.73,21,1,0,Casual Learners
U00852,13,1579.1399999999999,121.47230769230768,8,0,2,3.4723076923076923,23,1,1,Explorer Learners
U00853,2,0.0,0.0,2,7,2,2.92,24,1,0,Casual Learners
U00854,2,299.57,149.785,2,3,0,3.3600000000000003,28,1,0,Casual Learners
U00855,1,0.0,0.0,1,9,1,1.28,15,0,2,Budget Learners
U00856,1,0.0,0.0,1,5,1,2.14,21,0,2,Budget Learners
U00857,1,0.0,0.0,1,11,1,3.32,15,1,0,Casual Learners
U00858,15,396.47,26.431333333333335,8,7,1,3.258666666666667,20,1,1,Explorer Learners
U00859,1,0.0,0.0,1,3,2,3.02,22,1,0,Casual Learners
U00860,1,490.9,490.9,1,0,1,4.55,23,0,3,Premium Specialists
U00861,1,0.0,0.0,1,7,2,1.73,22,0,2,Budget Learners
U00862,1,487.92,487.92,1,1,0,3.64,18,0,3,Premium Specialists
U00863,1,0.0,0.0,1,9,1,2.88,23,0,2,Budget Learners
U00864,1,0.0,0.0,1,1,0,2.0,22,0,2,Budget Learners
U00865,1,285.05,285.05,1,1,1,1.96,27,1,3,Premium Specialists
U00866,1,0.0,0.0,1,7,2,4.73,30,1,0,Casual Learners
U00867,1,0.0,0.0,1,4,0,2.61,30,1,0,Casual Learners
U00868,1,0.0,0.0,1,5,1,2.14,16,0,2,Budget Learners
U00869,1,0.0,0.0,1,8,0,2.01,19,1,0,Casual Learners
U00870,15,966.14,64.40933333333334,10,8,0,3.4386666666666668,22,1,1,Explorer Learners
U00871,2,0.0,0.0,2,2,0,2.0549999999999997,26,1,0,Casual Learners
U00872,1,0.0,0.0,1,11,1,3.32,27,1,0,Casual Learners
U00873,1,0.0,0.0,1,4,0,4.45,28,1,0,Casual Learners
U00874,12,2175.74,181.31166666666664,10,1,0,3.276666666666667,25,1,1,Explorer Learners
U00875,1,57.32,57.32,1,11,0,4.74,23,1,0,Casual Learners
U00876,14,2352.5,168.03571428571428,11,0,2,3.662857142857143,27,1,1,Explorer Learners
U00877,1,490.9,490.9,1,0,1,4.55,35,1,3,Premium Specialists
U00878,1,177.34,177.34,1,5,0,3.89,31,1,0,Casual Learners
U00879,3,389.15999999999997,129.72,3,0,2,3.5100000000000002,18,0,2,Budget Learners
U00880,1,177.34,177.34,1,5,0,3.89,15,1,0,Casual Learners
U00881,16,2703.36,168.96,10,0,2,3.0825,34,0,1,Explorer Learners
U00882,1,0.0,0.0,1,5,1,2.14,34,0,2,Budget Learners
U00883,3,472.28,157.42666666666665,3,4,1,3.83,27,0,2,Budget Learners
U00884,1,487.92,487.92,1,1,0,3.64,19,1,3,Premium Specialists
U00885,1,117.68,117.68,1,3,0,2.57,28,0,2,Budget Learners
U00886,2,0.0,0.0,2,7,1,1.505,22,0,2,Budget Learners
U00887,1,0.0,0.0,1,5,1,2.14,17,1,0,Casual Learners
U00888,4,491.67999999999995,122.91999999999999,3,7,0,3.525,15,1,0,Casual Learners
U00889,1,0.0,0.0,1,3,2,3.02,31,0,2,Budget Learners
U00890,2,299.57,149.785,2,3,1,2.5100000000000002,31,0,2,Budget Learners
U00891,2,0.0,0.0,2,3,0,4.195,28,0,2,Budget Learners
U00892,4,0.0,0.0,4,2,2,4.0375,35,1,0,Casual Learners
U00893,12,1271.25,105.9375,9,1,0,2.859166666666667,15,1,1,Explorer Learners
U00894,3,511.94,170.64666666666668,3,2,2,2.86,28,0,3,Premium Specialists
U00895,4,548.22,137.055,3,8,0,4.0225,15,1,0,Casual Learners
U00896,4,118.46000000000001,29.615000000000002,4,2,0,3.3525,29,0,2,Budget Learners
U00897,1,177.34,177.34,1,5,0,3.89,20,1,0,Casual Learners
U00898,12,663.22,55.26833333333334,8,7,1,2.9808333333333334,24,0,1,Explorer Learners
U00899,1,0.0,0.0,1,8,0,2.01,19,1,0,Casual Learners
U00900,2,119.04,59.52,2,2,2,3.34,26,0,2,Budget Learners
U00901,1,0.0,0.0,1,2,2,3.93,23,0,2,Budget Learners
U00902,2,248.1,124.05,2,0,1,1.7000000000000002,29,1,0,Casual Learners
U00903,13,1238.72,95.28615384615385,9,1,0,2.9415384615384617,29,0,1,Explorer Learners
U00904,1,0.0,0.0,1,5,1,2.14,16,0,2,Budget Learners
U00905,1,0.0,0.0,1,4,0,4.45,15,1,0,Casual Learners
U00906,1,299.57,299.57,1,3,1,3.74,34,0,3,Premium Specialists
U00907,12,2048.18,170.68166666666664,8,1,1,3.2266666666666666,23,0,1,Explorer Learners
U00908,1,0.0,0.0,1,2,2,3.93,16,0,2,Budget Learners
U00909,1,0.0,0.0,1,9,1,2.88,35,0,2,Budget Learners
U00910,3,367.14,122.38,3,0,1,2.0500000000000003,20,0,2,Budget Learners
U00911,10,996.65,99.66499999999999,7,1,1,3.318,15,0,1,Explorer Learners
U00912,1,0.0,0.0,1,2,2,1.91,28,1,0,Casual Learners
U00913,1,57.32,57.32,1,11,0,4.74,35,0,2,Budget Learners
U00914,1,0.0,0.0,1,8,2,4.11,22,1,0,Casual Learners
U00915,13,1343.61,103.35461538461537,8,0,1,3.1823076923076923,24,0,1,Explorer Learners
U00916,1,0.0,0.0,1,3,2,3.02,20,1,0,Casual Learners
U00917,15,1319.9099999999999,87.99399999999999,11,1,0,3.098,28,0,1,Explorer Learners
U00918,1,299.57,299.57,1,3,1,3.74,35,1,3,Premium Specialists
U00919,14,1415.33,101.095,8,1,0,2.8007142857142857,28,1,1,Explorer Learners
U00920,1,0.0,0.0,1,6,2,4.1,18,0,2,Budget Learners
U00921,1,487.92,487.92,1,1,0,3.64,26,1,3,Premium Specialists
U00922,2,0.0,0.0,2,4,0,1.4,31,0,2,Budget Learners
U00923,3,511.94,170.64666666666668,3,2,0,1.6833333333333333,29,0,3,Premium Specialists
U00924,1,0.0,0.0,1,2,0,2.38,34,1,0,Casual Learners
U00925,2,490.9,245.45,2,0,1,4.605,31,1,3,Premium Specialists
U00926,2,342.61,171.305,2,6,1,4.49,32,1,0,Casual Learners
U00927,2,0.0,0.0,2,1,0,3.065,26,1,0,Casual Learners
U00928,12,1050.48,87.54,9,3,0,2.85,33,0,1,Explorer Learners
U00929,4,444.48,111.12,3,3,0,3.1875,25,0,2,Budget Learners
U00930,3,534.55,178.1833333333333,3,0,2,3.3233333333333337,34,1,3,Premium Specialists
U00931,1,117.68,117.68,1,3,0,2.57,31,1,0,Casual Learners
U00932,1,57.32,57.32,1,11,0,4.74,21,1,0,Casual Learners
U00933,1,0.0,0.0,1,9,1,2.88,27,0,2,Budget Learners
U00934,1,0.0,0.0,1,10,1,4.68,15,0,2,Budget Learners
U00935,1,0.0,0.0,1,3,1,3.65,16,0,2,Budget Learners
U00936,1,0.0,0.0,1,5,1,4.44,30,0,2,Budget Learners
U00937,1,0.0,0.0,1,7,0,1.81,35,1,0,Casual Learners
U00938,1,0.0,0.0,1,4,1,4.51,30,1,0,Casual Learners
U00939,1,0.0,0.0,1,3,2,3.6,18,1,0,Casual Learners
U00940,1,0.0,0.0,1,2,2,1.91,15,0,2,Budget Learners
U00941,2,285.05,142.525,2,1,1,1.935,20,0,2,Budget Learners
U00942,1,0.0,0.0,1,6,1,4.14,21,1,0,Casual Learners
U00943,2,0.0,0.0,2,2,0,2.195,21,0,2,Budget Learners
U00944,1,117.68,117.68,1,3,0,2.57,28,0,2,Budget Learners
U00945,1,0.0,0.0,1,10,1,4.68,27,0,2,Budget Learners
U00946,1,0.0,0.0,1,8,2,4.72,20,0,2,Budget Learners
U00947,1,0.0,0.0,1,5,1,2.14,31,0,2,Budget Learners
U00948,3,0.0,0.0,3,6,2,4.223333333333333,34,1,0,Casual Learners
U00949,4,0.0,0.0,3,7,1,3.165,16,1,0,Casual Learners
U00950,1,0.0,0.0,1,5,2,4.66,33,0,2,Budget Learners
U00951,2,342.61,171.305,2,5,2,4.75,15,1,0,Casual Learners
U00952,2,0.0,0.0,2,1,0,3.5,22,0,2,Budget Learners
U00953,3,89.59,29.863333333333333,3,0,2,2.646666666666667,31,1,0,Casual Learners
U00954,2,0.0,0.0,2,1,0,3.36,21,0,2,Budget Learners
U00955,3,0.0,0.0,2,6,0,3.3800000000000003,35,0,2,Budget Learners
U00956,1,327.99,327.99,1,10,1,1.51,21,0,3,Premium Specialists
U00957,3,212.39,70.79666666666667,2,11,0,2.6733333333333333,22,1,0,Casual Learners
U00958,2,0.0,0.0,1,5,1,4.550000000000001,28,0,2,Budget Learners
U00959,13,1444.05,111.08076923076922,9,7,0,3.110769230769231,22,1,1,Explorer Learners
U00960,1,0.0,0.0,1,4,0,2.61,17,1,0,Casual Learners
U00961,14,1242.93,88.7807142857143,9,0,1,3.251428571428572,31,1,1,Explorer Learners
U00962,1,0.0,0.0,1,1,0,3.15,20,1,0,Casual Learners
U00963,2,0.0,0.0,2,2,0,2.9699999999999998,20,0,2,Budget Learners
U00964,1,0.0,0.0,1,8,0,2.98,16,0,2,Budget Learners
U00965,1,0.0,0.0,1,5,1,2.14,34,0,2,Budget Learners
U00966,1,0.0,0.0,1,9,2,2.43,23,0,2,Budget Learners
U00967,14,816.75,58.339285714285715,8,10,1,3.092142857142857,15,1,1,Explorer Learners
U00968,2,0.0,0.0,2,7,1,2.525,21,1,0,Casual Learners
U00969,1,248.1,248.1,1,0,1,1.2,29,1,3,Premium Specialists
U00970,1,285.05,285.05,1,1,1,1.96,18,1,3,Premium Specialists
U00971,3,490.9,163.63333333333333,3,0,0,4.12,19,0,2,Budget Learners
U00972,4,591.3199999999999,147.82999999999998,4,0,1,3.6125,27,0,2,Budget Learners
U00973,1,57.32,57.32,1,11,0,4.74,22,1,0,Casual Learners
U00974,1,0.0,0.0,1,5,2,4.66,31,1,0,Casual Learners
U00975,1,0.0,0.0,1,11,1,3.32,35,0,2,Budget Learners
U00976,12,1462.63,121.88583333333334,9,1,0,3.1658333333333335,30,1,1,Explorer Learners
U00977,1,0.0,0.0,1,8,0,2.98,33,0,2,Budget Learners
U00978,1,0.0,0.0,1,4,1,4.51,18,1,0,Casual Learners
U00979,3,0.0,0.0,3,2,1,4.1433333333333335,16,0,2,Budget Learners
U00980,1,0.0,0.0,1,6,0,1.59,17,1,0,Casual Learners
U00981,13,1437.21,110.55461538461539,9,0,0,2.746923076923077,34,1,1,Explorer Learners
U00982,1,346.71,346.71,1,10,0,1.23,27,0,3,Premium Specialists
U00983,1,0.0,0.0,1,1,0,2.0,26,0,2,Budget Learners
U00984,1,415.51,415.51,1,0,2,3.11,27,1,3,Premium Specialists
U00985,1,0.0,0.0,1,7,0,1.81,21,1,0,Casual Learners
U00986,2,0.0,0.0,1,2,0,3.66,25,1,0,Casual Learners
U00987,1,0.0,0.0,1,5,1,4.44,27,0,2,Budget Learners
U00988,1,0.0,0.0,1,2,0,2.38,21,0,2,Budget Learners
U00989,12,993.62,82.80166666666666,9,1,0,2.6199999999999997,26,1,1,Explorer Learners
U00990,1,0.0,0.0,1,6,2,4.1,20,1,0,Casual Learners
U00991,1,89.59,89.59,1,0,2,2.68,30,1,0,Casual Learners
U00992,4,952.31,238.0775,4,1,0,2.8225,22,0,3,Premium Specialists
U00993,1,326.02,326.02,1,1,2,2.69,17,1,3,Premium Specialists
U00994,1,0.0,0.0,1,7,2,4.73,29,0,2,Budget Learners
U00995,2,0.0,0.0,2,2,0,2.29,27,0,2,Budget Learners
U00996,1,0.0,0.0,1,5,2,4.66,24,1,0,Casual Learners
U00997,15,460.49,30.699333333333335,8,4,0,3.1686666666666667,34,0,1,Explorer Learners
U00998,2,327.99,163.995,2,3,1,2.555,18,1,0,Casual Learners
U00999,1,0.0,0.0,1,4,1,4.51,33,0,2,Budget Learners
U01000,12,1151.4199999999998,95.95166666666665,7,7,0,3.4483333333333337,16,0,1,Explorer Learners
U01001,1,0.0,0.0,1,10,2,3.45,18,1,0,Casual Learners
U01002,1,0.0,0.0,1,1,0,3.15,19,1,0,Casual Learners
U01003,1,0.0,0.0,1,1,0,2.0,35,1,0,Casual Learners
U01004,1,415.51,415.51,1,0,2,3.11,16,0,3,Premium Specialists
U01005,1,119.04,119.04,1,6,2,2.75,19,1,0,Casual Learners
U01006,2,37.89,18.945,2,9,0,1.8650000000000002,19,1,0,Casual Learners
U01007,1,0.0,0.0,1,6,2,4.1,30,1,0,Casual Learners
U01008,2,0.0,0.0,2,3,1,3.24,18,1,0,Casual Learners
U01009,1,0.78,0.78,1,7,0,3.89,15,0,2,Budget Learners
U01010,1,0.0,0.0,1,4,0,2.61,35,0,2,Budget Learners
U01011,1,248.1,248.1,1,0,1,1.2,18,1,3,Premium Specialists
U01012,1,327.99,327.99,1,10,1,1.51,35,0,3,Premium Specialists
U01013,3,299.57,99.85666666666667,3,1,0,2.8033333333333332,22,1,0,Casual Learners
U01014,3,0.0,0.0,3,0,0,3.366666666666667,17,1,0,Casual Learners
U01015,15,1192.84,79.52266666666667,9,3,2,3.234,29,1,1,Explorer Learners
U01016,2,57.32,28.66,2,6,0,3.165,27,0,2,Budget Learners
U01017,2,611.0699999999999,305.53499999999997,1,1,1,2.325,21,0,3,Premium Specialists
U01018,1,0.0,0.0,1,6,1,4.14,23,0,2,Budget Learners
U01019,1,0.0,0.0,1,6,1,4.14,27,1,0,Casual Learners
U01020,12,1169.1499999999999,97.42916666666666,9,0,2,2.72,28,1,1,Explorer Learners
U01021,2,0.0,0.0,2,4,1,3.355,29,0,2,Budget Learners
U01022,13,869.3,66.86923076923077,10,11,2,3.6884615384615387,17,1,1,Explorer Learners
U01023,2,0.0,0.0,2,2,1,4.22,18,1,0,Casual Learners
U01024,3,487.92,162.64000000000001,2,5,0,4.246666666666667,17,0,2,Budget Learners
U01025,1,490.9,490.9,1,0,1,4.55,34,1,3,Premium Specialists
U01026,1,0.0,0.0,1,6,1,4.14,33,0,2,Budget Learners
U01027,2,0.0,0.0,2,9,1,2.3,32,1,0,Casual Learners
U01028,2,327.99,163.995,2,9,1,2.195,23,0,2,Budget Learners
U01029,1,119.04,119.04,1,6,2,2.75,15,1,0,Casual Learners
U01030,1,0.0,0.0,1,8,2,4.72,23,0,2,Budget Learners
U01031,13,1539.38,118.41384615384617,8,4,0,3.331538461538462,15,1,1,Explorer Learners
U01032,14,1389.57,99.255,10,8,0,3.386428571428571,16,1,1,Explorer Learners
U01033,13,1830.5,140.80769230769232,7,1,0,3.1692307692307695,30,1,1,Explorer Learners
U01034,12,149.07,12.4225,7,6,0,3.2566666666666664,18,0,1,Explorer Learners
U01035,3,772.97,257.6566666666667,2,1,0,2.47,33,1,3,Premium Specialists
U01036,1,0.0,0.0,1,6,0,1.59,35,1,0,Casual Learners
U01037,1,415.51,415.51,1,0,2,3.11,32,0,3,Premium Specialists
U01038,1,342.61,342.61,1,10,2,4.84,33,1,3,Premium Specialists
U01039,1,0.0,0.0,1,2,1,4.94,21,0,2,Budget Learners
U01040,1,285.05,285.05,1,1,1,1.96,21,0,3,Premium Specialists
U01041,1,0.0,0.0,1,11,0,2.67,23,0,2,Budget Learners
U01042,1,0.0,0.0,1,10,2,3.45,26,1,0,Casual Learners
U01043,4,57.32,14.33,3,11,0,2.515,19,0,2,Budget Learners
U01044,1,0.0,0.0,1,11,0,2.67,31,0,2,Budget Learners
U01045,2,0.0,0.0,2,3,1,3.24,32,0,2,Budget Learners
U01046,1,53.86,53.86,1,6,1,2.47,28,0,2,Budget Learners
U01047,1,0.0,0.0,1,4,1,4.51,29,0,2,Budget Learners
U01048,1,0.0,0.0,1,7,0,1.81,16,0,2,Budget Learners
U01049,2,0.0,0.0,1,3,1,3.335,34,1,0,Casual Learners
U01050,1,0.0,0.0,1,2,2,1.91,25,0,2,Budget Learners
U01051,2,0.0,0.0,2,4,0,3.23,18,0,2,Budget Learners
U01052,2,0.0,0.0,2,4,1,4.62,22,0,2,Budget Learners
U01053,1,0.0,0.0,1,3,2,3.02,26,0,2,Budget Learners
U01054,2,0.0,0.0,2,4,0,2.21,20,0,2,Budget Learners
U01055,1,0.0,0.0,1,7,2,4.73,22,0,2,Budget Learners
U01056,2,0.78,0.39,2,2,0,3.91,15,1,0,Casual Learners
U01057,1,0.0,0.0,1,6,2,4.1,33,1,0,Casual Learners
U01058,2,606.65,303.325,2,2,0,2.25,34,0,3,Premium Specialists
U01059,1,0.0,0.0,1,8,2,4.72,30,1,0,Casual Learners
U01060,1,119.04,119.04,1,6,2,2.75,34,0,2,Budget Learners
U01061,2,342.61,171.305,1,10,1,4.76,22,0,2,Budget Learners
U01062,1,0.0,0.0,1,4,0,4.45,22,0,2,Budget Learners
U01063,1,0.0,0.0,1,11,0,2.67,31,0,2,Budget Learners
U01064,2,487.92,243.96,2,1,0,4.16,26,0,3,Premium Specialists
U01065,4,327.99,81.9975,4,1,0,2.6574999999999998,15,1,0,Casual Learners
U01066,12,970.1700000000001,80.84750000000001,7,3,0,2.953333333333333,19,0,1,Explorer Learners
U01067,1,0.0,0.0,1,2,2,1.91,17,1,0,Casual Learners
U01068,2,0.0,0.0,2,2,1,4.2700000000000005,32,0,2,Budget Learners
U01069,1,0.0,0.0,1,2,1,4.94,35,1,0,Casual Learners
U01070,1,0.0,0.0,1,6,1,4.14,32,1,0,Casual Learners
U01071,2,497.44,248.72,2,1,0,2.5549999999999997,19,0,3,Premium Specialists
U01072,1,327.99,327.99,1,10,1,1.51,32,1,3,Premium Specialists
U01073,2,748.65,374.325,2,4,0,3.7300000000000004,23,1,3,Premium Specialists
U01074,1,0.0,0.0,1,6,0,1.59,26,0,2,Budget Learners
U01075,2,490.9,245.45,2,0,1,3.9349999999999996,17,1,3,Premium Specialists
U01076,1,0.0,0.0,1,4,0,4.45,20,1,0,Casual Learners
U01077,2,490.9,245.45,2,0,1,3.3449999999999998,24,0,3,Premium Specialists
U01078,2,0.0,0.0,2,4,0,2.795,27,1,0,Casual Learners
U01079,13,37.89,2.914615384615385,7,7,0,2.927692307692308,21,1,1,Explorer Learners
U01080,1,117.68,117.68,1,3,0,2.57,30,0,2,Budget Learners
U01081,1,326.02,326.02,1,1,2,2.69,26,0,3,Premium Specialists
U01082,1,0.0,0.0,1,6,2,4.1,25,1,0,Casual Learners
U01083,15,1779.54,118.636,11,3,0,3.182666666666667,29,1,1,Explorer Learners
U01084,13,2165.7799999999997,166.59846153846152,8,0,1,3.3153846153846156,24,1,1,Explorer Learners
U01085,2,119.04,59.52,2,6,2,2.59,26,0,2,Budget Learners
U01086,1,117.68,117.68,1,3,0,2.57,29,0,2,Budget Learners
U01087,1,299.57,299.57,1,3,1,3.74,19,1,3,Premium Specialists
U01088,2,451.58,225.79,2,2,0,3.045,21,1,3,Premium Specialists
U01089,1,0.0,0.0,1,5,1,2.14,17,0,2,Budget Learners
U01090,2,0.0,0.0,2,5,2,3.1950000000000003,25,0,2,Budget Learners
U01091,2,0.0,0.0,2,7,2,4.42,29,0,2,Budget Learners
U01092,15,2119.66,141.31066666666666,9,0,1,3.2646666666666664,34,0,1,Explorer Learners
U01093,1,0.0,0.0,1,9,1,3.85,23,0,2,Budget Learners
U01094,2,285.05,142.525,2,1,1,3.345,30,1,0,Casual Learners
U01095,1,0.0,0.0,1,4,1,4.51,21,0,2,Budget Learners
U01096,16,769.7199999999999,48.107499999999995,7,6,0,2.90875,18,1,1,Explorer Learners
U01097,1,0.0,0.0,1,11,0,2.67,29,0,2,Budget Learners
U01098,4,1181.75,295.4375,3,1,0,2.6825,17,0,3,Premium Specialists
U01099,1,0.0,0.0,1,8,0,4.79,35,0,2,Budget Learners
U01100,3,0.0,0.0,3,2,0,2.606666666666667,24,0,2,Budget Learners
U01101,1,0.0,0.0,1,8,0,2.01,33,1,0,Casual Learners
U01102,2,276.37,138.185,2,2,0,3.83,23,0,2,Budget Learners
U01103,4,394.26,98.565,4,1,0,2.9050000000000002,22,1,0,Casual Learners
U01104,1,0.78,0.78,1,7,0,3.89,29,1,0,Casual Learners
U01105,1,0.0,0.0,1,2,0,2.38,27,1,0,Casual Learners
U01106,1,327.99,327.99,1,10,1,1.51,31,1,3,Premium Specialists
U01107,1,0.0,0.0,1,0,1,3.64,30,0,2,Budget Learners
U01108,4,276.37,69.0925,4,0,1,2.48,16,1,0,Casual Learners
U01109,1,0.0,0.0,1,1,0,2.0,24,0,2,Budget Learners
U01110,2,37.89,18.945,1,11,0,1.9849999999999999,23,0,2,Budget Learners
U01111,1,0.0,0.0,1,7,1,1.13,31,1,0,Casual Learners
U01112,1,212.39,212.39,1,5,0,3.15,24,0,2,Budget Learners
U01113,1,487.92,487.92,1,1,0,3.64,22,0,3,Premium Specialists
U01114,1,0.0,0.0,1,3,2,3.02,32,1,0,Casual Learners
U01115,1,327.99,327.99,1,10,1,1.51,18,1,3,Premium Specialists
U01116,1,0.0,0.0,1,6,0,1.59,21,0,2,Budget Learners
U01117,1,0.0,0.0,1,9,2,2.43,23,0,2,Budget Learners
U01118,1,119.04,119.04,1,6,2,2.75,31,1,0,Casual Learners
U01119,1,0.0,0.0,1,9,2,2.43,17,0,2,Budget Learners
U01120,1,117.68,117.68,1,3,0,2.57,35,0,2,Budget Learners
U01121,1,117.68,117.68,1,3,0,2.57,20,1,0,Casual Learners
U01122,2,212.39,106.195,1,5,0,3.795,29,0,2,Budget Learners
U01123,15,1720.26,114.684,10,4,1,2.884666666666667,29,0,1,Explorer Learners
U01124,3,342.61,114.20333333333333,3,4,0,3.01,30,0,2,Budget Learners
U01125,2,0.0,0.0,2,1,0,3.9400000000000004,32,0,2,Budget Learners
U01126,2,0.0,0.0,2,8,1,4.395,15,1,0,Casual Learners
U01127,3,119.04,39.68,3,4,2,3.9766666666666666,28,0,2,Budget Learners
U01128,2,0.0,0.0,2,6,1,4.39,31,0,2,Budget Learners
U01129,1,326.02,326.02,1,1,2,2.69,28,0,3,Premium Specialists
U01130,1,53.86,53.86,1,6,1,2.47,28,1,0,Casual Learners
U01131,3,0.78,0.26,3,4,0,2.5366666666666666,25,1,0,Casual Learners
U01132,4,425.44,106.36,3,0,1,2.615,27,0,2,Budget Learners
U01133,1,0.0,0.0,1,4,1,4.51,35,0,2,Budget Learners
U01134,3,0.0,0.0,3,2,0,3.0833333333333335,19,0,2,Budget Learners
U01135,1,0.0,0.0,1,4,0,2.61,22,1,0,Casual Learners
U01136,1,212.39,212.39,1,5,0,3.15,35,1,0,Casual Learners
U01137,2,487.92,243.96,2,1,0,2.385,28,0,3,Premium Specialists
U01138,1,89.59,89.59,1,0,2,2.68,22,0,2,Budget Learners
U01139,1,0.0,0.0,1,9,1,3.85,22,0,2,Budget Learners
U01140,1,119.04,119.04,1,6,2,2.75,29,0,2,Budget Learners
U01141,1,276.37,276.37,1,4,0,2.72,17,0,3,Premium Specialists
U01142,2,0.0,0.0,2,7,0,3.245,27,1,0,Casual Learners
U01143,14,1018.19,72.72785714285715,10,0,2,2.850714285714286,31,1,1,Explorer Learners
U01144,2,346.71,173.355,2,3,0,2.415,29,0,2,Budget Learners
U01145,1,472.28,472.28,1,9,1,4.74,15,0,3,Premium Specialists
U01146,13,178.12,13.701538461538462,9,7,0,3.130769230769231,15,1,1,Explorer Learners
U01147,1,0.0,0.0,1,9,2,2.43,15,1,0,Casual Learners
U01148,2,0.0,0.0,2,2,0,3.3,28,1,0,Casual Learners
U01149,4,1263.87,315.9675,3,1,1,3.72,26,0,3,Premium Specialists
U01150,1,53.86,53.86,1,6,1,2.47,20,1,0,Casual Learners
U01151,14,1085.1599999999999,77.51142857142857,8,1,1,2.6735714285714285,28,0,1,Explorer Learners
U01152,1,346.71,346.71,1,10,0,1.23,34,1,3,Premium Specialists
U01153,1,342.61,342.61,1,10,2,4.84,15,0,3,Premium Specialists
U01154,2,0.0,0.0,2,5,0,3.125,24,1,0,Casual Learners
U01155,4,212.39,53.0975,4,2,0,2.525,32,0,2,Budget Learners
U01156,2,0.0,0.0,2,1,0,3.34,30,1,0,Casual Learners
U01157,4,487.92,121.98,4,1,0,3.355,31,0,2,Budget Learners
U01158,12,1213.9299999999998,101.16083333333331,10,2,1,3.486666666666667,35,1,1,Explorer Learners
U01159,1,0.0,0.0,1,8,2,4.72,26,0,2,Budget Learners
U01160,4,266.25,66.5625,4,5,0,2.885,15,0,2,Budget Learners
U01161,1,0.0,0.0,1,6,2,4.1,33,1,0,Casual Learners
U01162,1,0.0,0.0,1,7,0,1.81,19,0,2,Budget Learners
U01163,13,1719.94,132.30307692307693,4,4,0,3.1576923076923076,24,1,1,Explorer Learners
U01164,1,0.0,0.0,1,11,0,2.67,25,0,2,Budget Learners
U01165,2,346.71,173.355,2,3,0,2.415,24,1,0,Casual Learners
U01166,2,285.05,142.525,2,1,0,2.315,21,1,0,Casual Learners
U01167,11,645.69,58.69909090909091,9,11,0,2.639090909090909,16,0,1,Explorer Learners
U01168,1,37.89,37.89,1,11,0,1.3,27,0,2,Budget Learners
U01169,1,0.0,0.0,1,7,2,4.73,31,0,2,Budget Learners
U01170,14,2739.04,195.6457142857143,8,0,0,3.0435714285714286,27,0,1,Explorer Learners
U01171,1,327.99,327.99,1,10,1,1.51,19,1,3,Premium Specialists
U01172,3,301.98,100.66000000000001,3,0,2,3.516666666666666,30,1,0,Casual Learners
U01173,3,346.71,115.57,3,1,0,2.6733333333333333,26,0,2,Budget Learners
U01174,1,89.59,89.59,1,0,2,2.68,15,0,2,Budget Learners
U01175,1,0.0,0.0,1,4,0,1.52,20,0,2,Budget Learners
U01176,3,0.0,0.0,3,0,1,3.823333333333333,20,1,0,Casual Learners
U01177,13,538.86,41.45076923076923,9,6,1,3.083076923076923,16,1,1,Explorer Learners
U01178,2,0.0,0.0,2,2,1,2.78,21,0,2,Budget Learners
U01179,2,594.81,297.405,2,0,0,1.2149999999999999,31,0,3,Premium Specialists
U01180,13,1707.59,131.3530769230769,10,3,0,3.05,18,1,1,Explorer Learners
U01181,1,0.0,0.0,1,9,1,3.85,27,0,2,Budget Learners
U01182,3,383.34,127.77999999999999,3,1,0,3.19,25,0,2,Budget Learners
U01183,2,0.0,0.0,2,6,0,2.455,21,0,2,Budget Learners
U01184,1,53.86,53.86,1,6,1,2.47,31,1,0,Casual Learners
U01185,2,670.63,335.315,2,2,0,2.035,28,1,3,Premium Specialists
U01186,1,0.0,0.0,1,0,1,3.64,34,1,0,Casual Learners
U01187,1,0.0,0.0,1,2,0,2.38,35,0,2,Budget Learners
U01188,1,0.0,0.0,1,7,2,1.73,24,1,0,Casual Learners
U01189,1,0.0,0.0,1,8,2,4.11,28,1,0,Casual Learners
U01190,1,0.0,0.0,1,2,1,4.94,31,1,0,Casual Learners
U01191,1,472.28,472.28,1,9,1,4.74,28,0,3,Premium Specialists
U01192,1,0.0,0.0,1,8,2,4.11,20,0,2,Budget Learners
U01193,2,487.92,243.96,2,1,0,2.58,20,0,3,Premium Specialists
U01194,1,0.0,0.0,1,11,1,2.2,32,0,2,Budget Learners
U01195,1,487.92,487.92,1,1,0,3.64,23,1,3,Premium Specialists
U01196,2,277.15,138.575,2,4,0,3.305,21,0,2,Budget Learners
U01197,14,632.95,45.21071428571429,9,2,2,3.2135714285714285,28,1,1,Explorer Learners
U01198,1,0.0,0.0,1,4,0,1.52,33,0,2,Budget Learners
U01199,1,0.0,0.0,1,11,0,2.67,17,0,2,Budget Learners
U01200,1,0.0,0.0,1,11,1,2.2,15,0,2,Budget Learners
U01201,1,177.34,177.34,1,5,0,3.89,28,1,0,Casual Learners
U01202,1,0.0,0.0,1,4,0,4.45,29,0,2,Budget Learners
U01203,16,1827.61,114.225625,11,1,0,3.033125,15,1,1,Explorer Learners
U01204,3,0.0,0.0,2,7,0,1.8499999999999999,17,0,2,Budget Learners
U01205,2,330.07,165.035,2,3,0,2.86,27,1,0,Casual Learners
U01206,1,37.89,37.89,1,11,0,1.3,15,0,2,Budget Learners
U01207,1,0.0,0.0,1,7,2,4.73,30,0,2,Budget Learners
U01208,1,0.0,0.0,1,8,2,4.11,27,0,2,Budget Learners
U01209,2,0.0,0.0,2,4,1,3.915,20,1,0,Casual Learners
U01210,1,0.0,0.0,1,4,0,4.45,22,0,2,Budget Learners
U01211,1,490.9,490.9,1,0,1,4.55,32,0,3,Premium Specialists
U01212,1,0.0,0.0,1,4,0,4.45,18,0,2,Budget Learners
U01213,1,177.34,177.34,1,5,0,3.89,20,0,2,Budget Learners
U01214,1,0.0,0.0,1,7,0,1.81,31,0,2,Budget Learners
U01215,1,490.9,490.9,1,0,1,4.55,15,0,3,Premium Specialists
U01216,1,37.89,37.89,1,11,0,1.3,15,1,0,Casual Learners
U01217,1,0.0,0.0,1,8,2,4.11,25,0,2,Budget Learners
U01218,1,487.92,487.92,1,1,0,3.64,34,1,3,Premium Specialists
U01219,1,117.68,117.68,1,3,0,2.57,16,1,0,Casual Learners
U01220,1,285.05,285.05,1,1,1,1.96,29,0,3,Premium Specialists
U01221,13,1246.52,95.88615384615385,8,0,0,2.833846153846154,32,1,1,Explorer Learners
U01222,3,415.51,138.50333333333333,2,2,0,3.4766666666666666,19,0,2,Budget Learners
U01223,1,0.0,0.0,1,5,2,4.66,23,0,2,Budget Learners
U01224,11,1662.67,151.1518181818182,8,0,0,2.8445454545454547,23,0,1,Explorer Learners
U01225,2,0.0,0.0,2,3,2,3.8499999999999996,30,0,2,Budget Learners
U01226,2,276.37,138.185,2,4,0,2.0,31,0,2,Budget Learners
U01227,1,327.99,327.99,1,10,1,1.51,15,1,3,Premium Specialists
U01228,4,432.15,108.0375,3,2,0,1.5775000000000001,28,1,0,Casual Learners
U01229,2,0.0,0.0,2,0,1,3.62,27,0,2,Budget Learners
U01230,3,37.89,12.63,3,2,0,3.6566666666666667,23,0,2,Budget Learners
U01231,14,1794.67,128.19071428571428,9,11,0,3.055,21,0,1,Explorer Learners
U01232,1,0.0,0.0,1,3,1,3.65,27,0,2,Budget Learners
U01233,11,1564.55,142.23181818181817,8,0,1,3.039090909090909,28,1,1,Explorer Learners
U01234,1,0.0,0.0,1,8,0,2.98,27,1,0,Casual Learners
U01235,14,1659.11,118.50785714285713,9,7,0,3.307857142857143,27,0,1,Explorer Learners
U01236,1,0.0,0.0,1,3,2,3.6,20,0,2,Budget Learners
U01237,13,1279.42,98.41692307692308,8,3,1,3.4476923076923076,24,1,1,Explorer Learners
U01238,1,0.0,0.0,1,3,2,3.6,35,1,0,Casual Learners
U01239,12,2182.67,181.88916666666668,9,1,1,3.0233333333333334,20,1,1,Explorer Learners
U01240,1,0.0,0.0,1,7,0,1.81,16,1,0,Casual Learners
U01241,2,0.0,0.0,2,1,0,3.225,25,1,0,Casual Learners
U01242,2,37.89,18.945,2,2,0,1.8399999999999999,22,1,0,Casual Learners
U01243,2,326.02,163.01,2,1,0,2.65,31,0,2,Budget Learners
U01244,14,1829.42,130.67285714285714,11,1,0,3.2357142857142853,30,0,1,Explorer Learners
U01245,1,0.0,0.0,1,0,1,3.64,35,1,0,Casual Learners
U01246,2,0.0,0.0,2,1,0,2.44,27,1,0,Casual Learners
U01247,1,0.0,0.0,1,3,2,3.02,19,1,0,Casual Learners
U01248,2,0.78,0.39,2,4,0,3.25,16,1,0,Casual Learners
U01249,14,2031.51,145.10785714285714,9,1,1,3.187857142857143,25,1,1,Explorer Learners
U01250,15,578.35,38.556666666666665,10,0,0,3.1373333333333333,27,0,1,Explorer Learners
U01251,2,0.0,0.0,2,1,0,2.49,29,1,0,Casual Learners
U01252,1,415.51,415.51,1,0,2,3.11,19,0,3,Premium Specialists
U01253,1,212.39,212.39,1,5,0,3.15,17,1,0,Casual Learners
U01254,1,0.0,0.0,1,7,0,1.81,23,1,0,Casual Learners
U01255,4,178.12,44.53,4,1,0,3.235,29,0,2,Budget Learners
U01256,1,0.0,0.0,1,9,2,2.43,32,1,0,Casual Learners
U01257,2,0.0,0.0,2,2,0,3.35,29,0,2,Budget Learners
U01258,4,837.6099999999999,209.40249999999997,4,0,1,2.335,25,1,3,Premium Specialists
U01259,1,394.26,394.26,1,2,2,1.35,18,0,3,Premium Specialists
U01260,1,0.0,0.0,1,3,1,3.65,31,0,2,Budget Learners
U01261,13,1543.8000000000002,118.75384615384617,10,5,0,2.8592307692307695,25,1,1,Explorer Learners
U01262,4,577.51,144.3775,4,0,2,3.2975000000000003,29,0,3,Premium Specialists
U01263,1,490.9,490.9,1,0,1,4.55,17,0,3,Premium Specialists
U01264,1,0.0,0.0,1,2,1,4.94,15,1,0,Casual Learners
U01265,2,0.0,0.0,2,2,0,2.525,23,1,0,Casual Learners
U01266,14,1950.9,139.35,8,1,0,2.567142857142857,18,0,1,Explorer Learners
U01267,14,1581.46,112.96142857142857,11,4,0,2.7257142857142855,30,0,1,Explorer Learners
U01268,13,1192.24,91.71076923076923,9,3,0,3.413846153846154,33,1,1,Explorer Learners
U01269,1,326.02,326.02,1,1,2,2.69,25,0,3,Premium Specialists
U01270,2,0.0,0.0,2,1,0,3.83,19,1,0,Casual Learners
U01271,1,0.0,0.0,1,2,2,1.91,23,0,2,Budget Learners
U01272,1,0.0,0.0,1,4,0,4.45,16,0,2,Budget Learners
U01273,1,0.0,0.0,1,0,1,3.64,31,0,2,Budget Learners
U01274,1,346.71,346.71,1,10,0,1.23,32,0,3,Premium Specialists
U01275,1,0.0,0.0,1,2,1,4.94,35,1,0,Casual Learners
U01276,2,0.0,0.0,2,3,2,3.8499999999999996,27,0,2,Budget Learners
U01277,12,177.34,14.778333333333334,8,2,0,3.4341666666666666,26,0,1,Explorer Learners
U01278,2,89.59,44.795,2,0,1,3.0,16,0,2,Budget Learners
U01279,3,299.57,99.85666666666667,3,3,0,2.7866666666666666,29,0,2,Budget Learners
U01280,12,913.6500000000001,76.1375,7,7,1,2.533333333333333,26,0,1,Explorer Learners
U01281,13,875.9000000000001,67.37692307692308,10,3,0,3.0923076923076924,23,0,1,Explorer Learners
U01282,3,0.0,0.0,3,4,1,3.64,26,1,0,Casual Learners
U01283,1,0.0,0.0,1,7,0,1.81,15,1,0,Casual Learners
U01284,15,2437.75,162.51666666666668,11,3,0,3.1086666666666667,34,0,1,Explorer Learners
U01285,4,0.78,0.195,2,7,0,2.8875,35,0,2,Budget Learners
U01286,13,1821.19,140.09153846153848,7,3,0,3.326923076923077,27,1,1,Explorer Learners
U01287,12,1971.19,164.26583333333335,9,0,2,3.0658333333333334,33,0,1,Explorer Learners
U01288,2,177.34,88.67,2,2,0,3.91,18,1,0,Casual Learners
U01289,1,0.0,0.0,1,4,0,2.61,35,0,2,Budget Learners
U01290,14,506.84000000000003,36.20285714285715,10,1,2,2.982142857142857,16,1,1,Explorer Learners
U01291,1,0.0,0.0,1,11,0,2.67,34,0,2,Budget Learners
U01292,1,0.0,0.0,1,11,0,2.67,29,1,0,Casual Learners
U01293,1,394.26,394.26,1,2,2,1.35,33,1,3,Premium Specialists
U01294,1,0.0,0.0,1,4,0,2.61,30,1,0,Casual Learners
U01295,4,395.41,98.8525,4,3,2,3.4475,34,0,2,Budget Learners
U01296,1,0.0,0.0,1,10,1,4.68,21,0,2,Budget Learners
U01297,1,0.0,0.0,1,7,0,1.81,27,1,0,Casual Learners
U01298,1,0.0,0.0,1,5,1,4.44,22,0,2,Budget Learners
U01299,1,0.0,0.0,1,8,2,4.72,28,0,2,Budget Learners
U01300,1,0.0,0.0,1,1,0,3.15,19,1,0,Casual Learners
U01301,1,0.0,0.0,1,5,1,4.44,27,1,0,Casual Learners
U01302,2,0.0,0.0,2,4,0,3.885,19,0,2,Budget Learners
U01303,2,117.68,58.84,2,2,0,3.25,23,0,2,Budget Learners
U01304,2,0.0,0.0,2,5,1,2.995,33,0,2,Budget Learners
U01305,3,0.0,0.0,3,6,0,2.76,22,0,2,Budget Learners
U01306,1,0.0,0.0,1,11,0,2.67,22,1,0,Casual Learners
U01307,1,0.0,0.0,1,4,0,4.45,16,0,2,Budget Learners
U01308,1,0.0,0.0,1,2,0,2.38,23,1,0,Casual Learners
U01309,2,0.0,0.0,2,3,0,2.83,35,1,0,Casual Learners
U01310,3,0.0,0.0,3,4,2,3.606666666666667,21,0,2,Budget Learners
U01311,1,327.99,327.99,1,10,1,1.51,27,1,3,Premium Specialists
U01312,1,0.0,0.0,1,4,0,2.61,16,1,0,Casual Learners
U01313,3,248.1,82.7,3,0,2,3.5500000000000003,31,1,0,Casual Learners
U01314,2,299.57,149.785,2,3,1,3.9250000000000003,26,0,2,Budget Learners
U01315,13,1870.02,143.8476923076923,9,1,0,2.9376923076923074,33,1,1,Explorer Learners
U01316,1,0.0,0.0,1,1,0,3.15,31,0,2,Budget Learners
U01317,1,0.0,0.0,1,6,0,1.59,32,0,2,Budget Learners
U01318,14,1337.15,95.51071428571429,11,2,0,3.0364285714285715,18,0,1,Explorer Learners
U01319,1,0.0,0.0,1,8,2,4.72,25,1,0,Casual Learners
U01320,4,285.05,71.2625,4,1,1,2.83,20,1,0,Casual Learners
U01321,14,852.9399999999999,60.92428571428571,8,7,0,2.7807142857142857,35,1,1,Explorer Learners
U01322,12,760.6400000000001,63.38666666666668,8,3,0,3.393333333333333,26,0,1,Explorer Learners
U01323,2,0.0,0.0,2,9,1,3.6500000000000004,15,1,0,Casual Learners
U01324,1,0.0,0.0,1,5,2,4.66,24,1,0,Casual Learners
U01325,2,177.34,88.67,2,4,0,3.25,18,0,2,Budget Learners
U01326,2,0.78,0.39,2,5,0,4.275,15,0,2,Budget Learners
U01327,1,487.92,487.92,1,1,0,3.64,23,1,3,Premium Specialists
U01328,1,248.1,248.1,1,0,1,1.2,27,1,3,Premium Specialists
U01329,1,276.37,276.37,1,4,0,2.72,15,0,3,Premium Specialists
U01330,2,0.0,0.0,2,0,0,2.8200000000000003,20,0,2,Budget Learners
U01331,13,1288.06,99.08153846153846,8,3,0,2.6507692307692308,16,1,1,Explorer Learners
U01332,12,1377.3400000000001,114.77833333333335,8,8,0,2.986666666666667,20,1,1,Explorer Learners
U01333,1,0.0,0.0,1,4,0,2.61,15,1,0,Casual Learners
U01334,13,661.19,50.860769230769236,9,2,2,2.963846153846154,35,0,1,Explorer Learners
U01335,1,0.0,0.0,1,7,2,4.73,16,0,2,Budget Learners
U01336,14,870.65,62.18928571428571,9,3,0,2.967142857142857,33,1,1,Explorer Learners
U01337,16,1242.9,77.68125,10,7,0,2.9125,32,0,1,Explorer Learners
U01338,3,0.0,0.0,3,2,0,2.353333333333333,15,1,0,Casual Learners
U01339,2,415.51,207.755,2,0,2,2.77,35,1,3,Premium Specialists
U01340,2,415.51,207.755,2,0,1,2.195,32,0,3,Premium Specialists
U01341,3,117.68,39.22666666666667,2,3,1,2.8066666666666666,29,1,0,Casual Learners
U01342,2,0.0,0.0,2,1,0,3.5,25,1,0,Casual Learners
U01343,14,1956.72,139.7657142857143,9,2,2,2.975714285714286,32,1,1,Explorer Learners
U01344,14,680.3,48.59285714285714,7,4,1,2.9035714285714285,25,0,1,Explorer Learners
U01345,1,0.0,0.0,1,11,1,2.2,19,1,0,Casual Learners
U01346,15,1390.85,92.72333333333333,11,0,0,2.9886666666666666,16,1,1,Explorer Learners
U01347,13,820.38,63.106153846153845,9,0,0,3.2384615384615385,20,1,1,Explorer Learners
U01348,2,0.0,0.0,2,2,1,3.21,29,0,2,Budget Learners
U01349,1,0.0,0.0,1,7,2,1.73,26,1,0,Casual Learners
U01350,13,1088.15,83.70384615384616,8,2,1,3.2746153846153847,16,0,1,Explorer Learners
U01351,2,0.78,0.39,2,7,0,3.67,16,1,0,Casual Learners
U01352,13,1319.58,101.50615384615384,9,8,2,3.845384615384615,25,1,1,Explorer Learners
U01353,1,0.0,0.0,1,11,1,2.2,20,0,2,Budget Learners
U01354,2,0.0,0.0,2,4,0,4.585,15,1,0,Casual Learners
U01355,13,1449.74,111.51846153846154,8,8,0,3.5300000000000002,28,0,1,Explorer Learners
U01356,3,89.59,29.863333333333333,3,0,2,3.28,26,0,2,Budget Learners
U01357,1,0.78,0.78,1,7,0,3.89,28,0,2,Budget Learners
U01358,1,37.89,37.89,1,11,0,1.3,31,1,0,Casual Learners
U01359,2,0.0,0.0,2,2,1,3.21,18,0,2,Budget Learners
U01360,1,119.04,119.04,1,6,2,2.75,22,0,2,Budget Learners
U01361,1,0.0,0.0,1,11,1,2.2,31,1,0,Casual Learners
U01362,3,0.0,0.0,3,0,1,2.92,26,1,0,Casual Learners
U01363,2,0.0,0.0,2,3,0,3.29,25,1,0,Casual Learners
U01364,13,1734.8,133.44615384615383,9,5,0,3.3515384615384614,16,0,1,Explorer Learners
U01365,14,1709.25,122.08928571428571,11,3,1,2.9314285714285715,25,1,1,Explorer Learners
U01366,1,0.0,0.0,1,6,0,1.59,29,0,2,Budget Learners
U01367,1,0.0,0.0,1,10,1,4.68,22,1,0,Casual Learners
U01368,1,0.0,0.0,1,11,1,2.2,24,0,2,Budget Learners
U01369,1,0.0,0.0,1,3,2,3.02,21,1,0,Casual Learners
U01370,3,276.37,92.12333333333333,3,4,0,2.2433333333333336,21,0,2,Budget Learners
U01371,1,0.0,0.0,1,3,2,3.02,22,1,0,Casual Learners
U01372,1,0.0,0.0,1,5,2,4.66,19,0,2,Budget Learners
U01373,1,0.0,0.0,1,2,2,3.93,24,1,0,Casual Learners
U01374,1,0.0,0.0,1,5,1,2.14,32,0,2,Budget Learners
U01375,13,1934.77,148.82846153846154,9,8,1,3.1692307692307695,22,1,1,Explorer Learners
U01376,1,0.0,0.0,1,10,1,4.68,28,1,0,Casual Learners
U01377,4,833.09,208.2725,3,0,2,2.6125,16,1,3,Premium Specialists
U01378,2,472.28,236.14,2,4,1,4.625,35,1,3,Premium Specialists
U01379,2,299.57,149.785,2,3,1,2.435,22,1,0,Casual Learners
U01380,1,37.89,37.89,1,11,0,1.3,26,1,0,Casual Learners
U01381,1,0.0,0.0,1,6,1,4.14,15,1,0,Casual Learners
U01382,1,326.02,326.02,1,1,2,2.69,22,0,3,Premium Specialists
U01383,1,0.0,0.0,1,2,2,3.93,32,1,0,Casual Learners
U01384,3,472.28,157.42666666666665,3,4,0,3.4433333333333334,23,0,2,Budget Learners
U01385,1,0.0,0.0,1,6,1,4.14,33,0,2,Budget Learners
U01386,1,487.92,487.92,1,1,0,3.64,16,1,3,Premium Specialists
U01387,1,0.0,0.0,1,3,1,3.65,21,0,2,Budget Learners
U01388,1,0.0,0.0,1,4,0,2.61,27,1,0,Casual Learners
U01389,1,0.0,0.0,1,9,1,3.85,30,1,0,Casual Learners
U01390,2,0.0,0.0,2,1,0,3.255,33,0,2,Budget Learners
U01391,1,0.0,0.0,1,1,0,3.15,30,1,0,Casual Learners
U01392,3,248.1,82.7,3,0,1,2.4233333333333333,29,0,2,Budget Learners
U01393,1,0.0,0.0,1,3,2,3.02,30,1,0,Casual Learners
U01394,14,680.0699999999999,48.576428571428565,9,3,1,3.4364285714285714,26,0,1,Explorer Learners
U01395,14,1137.83,81.27357142857143,9,4,1,2.882857142857143,31,1,1,Explorer Learners
U01396,3,394.26,131.42,3,2,2,2.813333333333333,17,0,2,Budget Learners
U01397,13,887.1,68.23846153846154,8,3,1,3.2100000000000004,28,1,1,Explorer Learners
U01398,1,0.0,0.0,1,11,0,2.67,23,0,2,Budget Learners
U01399,16,1648.93,103.058125,8,0,1,3.179375,20,1,1,Explorer Learners
U01400,1,0.0,0.0,1,0,1,3.64,21,0,2,Budget Learners
U01401,1,327.99,327.99,1,10,1,1.51,19,0,3,Premium Specialists
U01402,4,383.34,95.835,4,0,2,3.95,19,0,2,Budget Learners
U01403,1,0.0,0.0,1,2,2,1.91,27,1,0,Casual Learners
U01404,1,0.0,0.0,1,11,0,2.67,18,0,2,Budget Learners
U01405,12,1034.4099999999999,86.20083333333332,9,3,0,2.874166666666667,35,1,1,Explorer Learners
U01406,1,0.0,0.0,1,11,0,2.67,21,0,2,Budget Learners
U01407,1,0.0,0.0,1,8,2,4.72,34,0,2,Budget Learners
U01408,2,0.0,0.0,2,9,1,3.0999999999999996,18,1,0,Casual Learners
U01409,4,591.3199999999999,147.82999999999998,3,6,2,3.025,31,1,0,Casual Learners
U01410,1,37.89,37.89,1,11,0,1.3,17,1,0,Casual Learners
U01411,15,1440.09,96.006,9,4,0,3.5106666666666664,21,1,1,Explorer Learners
U01412,3,58.1,19.366666666666667,3,6,0,4.243333333333333,16,1,0,Casual Learners
U01413,1,0.0,0.0,1,7,2,1.73,24,1,0,Casual Learners
U01414,16,1200.1,75.00625,11,2,0,3.05875,35,0,1,Explorer Learners
U01415,3,1086.1399999999999,362.0466666666666,3,0,2,2.393333333333333,18,1,3,Premium Specialists
U01416,2,326.02,163.01,2,1,1,3.8150000000000004,22,0,2,Budget Learners
U01417,2,346.71,173.355,1,10,0,2.955,26,0,2,Budget Learners
U01418,1,0.0,0.0,1,4,0,4.45,20,0,2,Budget Learners
U01419,2,327.99,163.995,2,9,1,1.395,34,0,2,Budget Learners
U01420,3,339.69,113.23,3,1,1,2.7733333333333334,34,0,2,Budget Learners
U01421,1,0.0,0.0,1,6,1,4.14,22,1,0,Casual Learners
U01422,2,490.9,245.45,2,0,1,4.324999999999999,16,1,3,Premium Specialists
U01423,1,0.0,0.0,1,4,0,4.45,25,1,0,Casual Learners
U01424,1,415.51,415.51,1,0,2,3.11,28,0,3,Premium Specialists
U01425,1,0.0,0.0,1,10,1,4.68,25,0,2,Budget Learners
U01426,1,89.59,89.59,1,0,2,2.68,24,1,0,Casual Learners
U01427,1,0.0,0.0,1,0,1,3.64,25,1,0,Casual Learners
U01428,1,0.0,0.0,1,8,0,4.79,35,0,2,Budget Learners
U01429,15,829.17,55.278,10,4,1,3.6806666666666668,31,0,1,Explorer Learners
U01430,13,1296.6799999999998,99.74461538461537,10,2,0,3.4553846153846157,19,0,1,Explorer Learners
U01431,2,0.0,0.0,2,2,2,4.0200000000000005,34,0,2,Budget Learners
U01432,12,2266.34,188.86166666666668,8,0,2,3.285,17,0,1,Explorer Learners
U01433,2,89.59,44.795,1,0,1,3.16,16,0,2,Budget Learners
U01434,2,90.37,45.185,2,0,0,3.285,24,1,0,Casual Learners
U01435,13,1478.6599999999999,113.74307692307691,10,0,2,2.9015384615384616,16,1,1,Explorer Learners
U01436,2,0.0,0.0,2,1,0,2.8,34,0,2,Budget Learners
U01437,1,0.0,0.0,1,6,1,4.14,33,0,2,Budget Learners
U01438,4,37.89,9.4725,3,11,1,2.3200000000000003,30,0,2,Budget Learners
U01439,1,327.99,327.99,1,10,1,1.51,22,1,3,Premium Specialists
U01440,2,394.26,197.13,1,2,2,2.64,20,0,3,Premium Specialists
U01441,1,327.99,327.99,1,10,1,1.51,24,0,3,Premium Specialists
U01442,3,559.0999999999999,186.36666666666665,3,4,0,2.33,34,0,2,Budget Learners
U01443,2,0.0,0.0,2,0,0,3.125,17,0,2,Budget Learners
U01444,2,436.29999999999995,218.14999999999998,2,0,0,1.955,29,1,3,Premium Specialists
U01445,12,1584.32,132.02666666666667,9,11,1,2.795833333333333,29,1,1,Explorer Learners
U01446,1,0.0,0.0,1,11,1,3.32,32,0,2,Budget Learners
U01447,1,0.0,0.0,1,1,0,3.15,17,0,2,Budget Learners
U01448,1,0.0,0.0,1,3,2,3.6,25,0,2,Budget Learners
U01449,2,0.0,0.0,2,5,1,3.99,34,1,0,Casual Learners
U01450,11,1039.6299999999999,94.51181818181817,8,0,2,3.4645454545454544,16,0,1,Explorer Learners
U01451,11,906.41,82.40090909090908,7,0,1,3.328181818181818,17,1,1,Explorer Learners
U01452,2,155.57,77.785,2,3,0,1.935,23,1,0,Casual Learners
U01453,2,0.0,0.0,2,2,1,3.1750000000000003,17,1,0,Casual Learners
U01454,2,0.0,0.0,2,2,0,2.26,18,0,2,Budget Learners
U01455,14,994.88,71.06285714285714,11,0,0,3.0978571428571433,22,0,1,Explorer Learners
U01456,1,0.0,0.0,1,6,1,4.14,30,1,0,Casual Learners
U01457,1,394.26,394.26,1,2,2,1.35,27,1,3,Premium Specialists
U01458,1,0.0,0.0,1,1,0,2.0,24,1,0,Casual Learners
U01459,1,0.0,0.0,1,9,1,1.28,17,0,2,Budget Learners
U01460,13,1634.62,125.74,10,2,0,3.0584615384615383,32,0,1,Explorer Learners
U01461,1,327.99,327.99,1,10,1,1.51,16,1,3,Premium Specialists
U01462,1,212.39,212.39,1,5,0,3.15,27,1,0,Casual Learners
U01463,13,1219.22,93.78615384615385,7,6,1,3.256153846153846,30,0,1,Explorer Learners
U01464,1,0.0,0.0,1,4,1,4.51,33,1,0,Casual Learners
U01465,2,394.26,197.13,2,2,2,3.04,33,1,3,Premium Specialists
U01466,2,0.0,0.0,2,1,0,3.8,22,1,0,Casual Learners
U01467,1,487.92,487.92,1,1,0,3.64,19,0,3,Premium Specialists
U01468,2,299.57,149.785,2,2,0,3.06,28,0,2,Budget Learners
U01469,2,0.0,0.0,2,2,0,3.585,29,0,2,Budget Learners
U01470,2,415.51,207.755,2,0,2,3.52,28,1,3,Premium Specialists
U01471,1,0.0,0.0,1,0,1,3.64,19,0,2,Budget Learners
U01472,12,1086.16,90.51333333333334,8,2,0,3.0775,27,0,1,Explorer Learners
U01473,15,2381.73,158.782,9,0,1,2.89,17,0,1,Explorer Learners
U01474,2,0.0,0.0,1,11,0,2.435,20,1,0,Casual Learners
U01475,15,1295.42,86.36133333333333,9,0,0,2.888,20,1,1,Explorer Learners
U01476,1,326.02,326.02,1,1,2,2.69,35,0,3,Premium Specialists
U01477,1,0.0,0.0,1,5,1,2.14,17,0,2,Budget Learners
U01478,1,0.0,0.0,1,9,2,2.43,35,0,2,Budget Learners
U01479,1,0.0,0.0,1,6,1,4.14,25,0,2,Budget Learners
U01480,1,0.78,0.78,1,7,0,3.89,20,0,2,Budget Learners
U01481,1,0.0,0.0,1,7,2,1.73,20,1,0,Casual Learners
U01482,2,490.9,245.45,2,0,1,3.375,17,1,3,Premium Specialists
U01483,1,0.0,0.0,1,4,1,4.51,18,1,0,Casual Learners
U01484,1,0.0,0.0,1,9,1,1.28,17,1,0,Casual Learners
U01485,1,0.0,0.0,1,6,1,4.14,16,1,0,Casual Learners
U01486,1,0.0,0.0,1,6,0,1.59,17,1,0,Casual Learners
U01487,2,0.0,0.0,2,4,0,3.09,17,0,2,Budget Learners
U01488,12,599.76,49.98,7,3,2,2.9324999999999997,27,1,1,Explorer Learners
U01489,1,487.92,487.92,1,1,0,3.64,27,1,3,Premium Specialists
U01490,1,0.0,0.0,1,2,2,1.91,19,0,2,Budget Learners
U01491,3,0.0,0.0,2,5,2,4.6066666666666665,17,0,2,Budget Learners
U01492,4,837.6099999999999,209.40249999999997,4,0,1,3.645,23,0,3,Premium Specialists
U01493,1,415.51,415.51,1,0,2,3.11,18,0,3,Premium Specialists
U01494,1,0.0,0.0,1,2,0,2.38,32,1,0,Casual Learners
U01495,1,0.0,0.0,1,10,2,3.45,31,0,2,Budget Learners
U01496,13,1683.07,129.46692307692308,9,1,0,3.2684615384615388,22,0,1,Explorer Learners
U01497,13,837.6099999999999,64.43153846153845,9,5,1,3.14,35,0,1,Explorer Learners
U01498,1,0.0,0.0,1,1,0,2.0,15,1,0,Casual Learners
U01499,1,0.0,0.0,1,7,0,1.81,30,0,2,Budget Learners
U01500,13,1002.27,77.09769230769231,9,0,0,3.012307692307693,15,1,1,Explorer Learners
U01501,1,119.04,119.04,1,6,2,2.75,23,1,0,Casual Learners
U01502,1,57.32,57.32,1,11,0,4.74,28,0,2,Budget Learners
U01503,1,276.37,276.37,1,4,0,2.72,30,0,3,Premium Specialists
U01504,1,472.28,472.28,1,9,1,4.74,31,1,3,Premium Specialists
U01505,3,0.0,0.0,3,2,1,4.2299999999999995,35,1,0,Casual Learners
U01506,15,1160.56,77.37066666666666,9,0,0,3.232,34,1,1,Explorer Learners
U01507,3,353.43,117.81,3,1,1,2.736666666666667,18,0,2,Budget Learners
U01508,1,0.0,0.0,1,2,1,4.94,34,1,0,Casual Learners
U01509,1,57.32,57.32,1,11,0,4.74,15,0,2,Budget Learners
U01510,2,0.0,0.0,2,3,1,2.075,16,0,2,Budget Learners
U01511,13,957.8900000000001,73.68384615384616,6,4,1,3.202307692307692,15,1,1,Explorer Learners
U01512,12,1597.8600000000001,133.155,8,2,0,2.6366666666666667,19,1,1,Explorer Learners
U01513,1,0.0,0.0,1,6,2,4.1,23,1,0,Casual Learners
U01514,1,0.0,0.0,1,0,1,3.64,25,1,0,Casual Learners
U01515,1,0.0,0.0,1,4,0,1.52,35,0,2,Budget Learners
U01516,1,0.0,0.0,1,4,0,2.61,19,1,0,Casual Learners
U01517,14,1184.67,84.61928571428572,10,0,0,2.8249999999999997,26,1,1,Explorer Learners
U01518,1,490.9,490.9,1,0,1,4.55,21,1,3,Premium Specialists
U01519,2,0.0,0.0,2,4,0,2.8150000000000004,16,1,0,Casual Learners
U01520,1,0.0,0.0,1,5,2,4.66,26,0,2,Budget Learners
U01521,1,327.99,327.99,1,10,1,1.51,34,0,3,Premium Specialists
U01522,14,461.27,32.94785714285714,8,5,0,2.8892857142857147,31,0,1,Explorer Learners
U01523,1,0.0,0.0,1,7,2,1.73,16,1,0,Casual Learners
U01524,1,0.0,0.0,1,5,1,4.44,30,0,2,Budget Learners
U01525,2,347.48999999999995,173.74499999999998,2,7,0,2.56,32,0,2,Budget Learners
U01526,12,1765.17,147.0975,9,10,1,3.315,20,1,1,Explorer Learners
U01527,1,37.89,37.89,1,11,0,1.3,29,0,2,Budget Learners
U01528,14,2194.62,156.75857142857143,10,1,1,3.25,16,1,1,Explorer Learners
U01529,3,0.0,0.0,3,2,0,3.616666666666667,19,0,2,Budget Learners
U01530,15,544.11,36.274,8,7,0,2.9426666666666668,16,1,1,Explorer Learners
U01531,14,623.0799999999999,44.505714285714284,8,4,1,3.4464285714285716,30,0,1,Explorer Learners
U01532,1,0.0,0.0,1,3,2,3.02,28,0,2,Budget Learners
U01533,3,111.18,37.06,3,4,1,3.9066666666666667,16,0,2,Budget Learners
U01534,1,0.0,0.0,1,2,1,4.94,28,1,0,Casual Learners
U01535,4,944.3,236.075,3,0,2,3.1025,20,1,3,Premium Specialists
U01536,12,1758.18,146.51500000000001,8,0,0,3.2183333333333337,33,0,1,Explorer Learners
U01537,3,887.79,295.93,3,0,2,3.623333333333333,27,0,3,Premium Specialists
U01538,1,415.51,415.51,1,0,2,3.11,27,0,3,Premium Specialists
U01539,1,0.0,0.0,1,7,2,4.73,24,0,2,Budget Learners
U01540,1,0.0,0.0,1,2,1,4.94,30,0,2,Budget Learners
U01541,4,684.17,171.0425,4,3,0,2.02,29,0,3,Premium Specialists
U01542,1,177.34,177.34,1,5,0,3.89,18,0,2,Budget Learners
U01543,16,1848.28,115.5175,10,6,2,3.141875,25,0,1,Explorer Learners
U01544,1,119.04,119.04,1,6,2,2.75,31,0,2,Budget Learners
U01545,1,0.0,0.0,1,11,1,2.2,15,0,2,Budget Learners
U01546,1,0.0,0.0,1,0,1,3.64,34,1,0,Casual Learners
U01547,2,0.0,0.0,2,4,0,1.665,17,1,0,Casual Learners
U01548,1,0.0,0.0,1,9,1,2.88,35,0,2,Budget Learners
U01549,1,0.0,0.0,1,5,1,2.14,34,0,2,Budget Learners
U01550,1,0.0,0.0,1,7,2,1.73,16,1,0,Casual Learners
U01551,1,0.0,0.0,1,8,0,2.98,16,1,0,Casual Learners
U01552,1,0.0,0.0,1,4,0,4.45,32,1,0,Casual Learners
U01553,15,631.0,42.06666666666667,10,3,0,2.920666666666667,27,1,1,Explorer Learners
U01554,4,0.0,0.0,4,2,1,3.46,20,1,0,Casual Learners
U01555,1,0.0,0.0,1,3,1,3.65,23,0,2,Budget Learners
U01556,2,0.0,0.0,2,6,0,4.445,23,0,2,Budget Learners
U01557,1,0.0,0.0,1,7,0,1.81,17,1,0,Casual Learners
U01558,1,57.32,57.32,1,11,0,4.74,32,1,0,Casual Learners
U01559,1,89.59,89.59,1,0,2,2.68,19,1,0,Casual Learners
U01560,1,0.0,0.0,1,3,2,3.6,24,1,0,Casual Learners
U01561,1,0.0,0.0,1,3,2,3.02,32,1,0,Casual Learners
U01562,1,0.0,0.0,1,5,1,2.14,18,0,2,Budget Learners
U01563,1,0.0,0.0,1,6,2,4.1,35,0,2,Budget Learners
U01564,1,346.71,346.71,1,10,0,1.23,28,0,3,Premium Specialists
U01565,1,212.39,212.39,1,5,0,3.15,32,1,0,Casual Learners
U01566,1,0.0,0.0,1,0,1,3.64,29,1,0,Casual Learners
U01567,1,0.0,0.0,1,5,1,2.14,22,1,0,Casual Learners
U01568,3,415.51,138.50333333333333,3,0,2,3.07,26,0,2,Budget Learners
U01569,1,0.0,0.0,1,8,0,2.01,35,1,0,Casual Learners
U01570,2,326.02,163.01,2,1,1,3.415,31,1,0,Casual Learners
U01571,2,0.0,0.0,2,2,0,1.9849999999999999,19,1,0,Casual Learners
U01572,1,53.86,53.86,1,6,1,2.47,29,0,2,Budget Learners
U01573,2,487.92,243.96,2,1,0,3.545,18,0,3,Premium Specialists
U01574,1,346.71,346.71,1,10,0,1.23,17,1,3,Premium Specialists
U01575,13,1289.19,99.16846153846154,7,2,1,3.3392307692307694,15,0,1,Explorer Learners
U01576,2,0.0,0.0,2,2,1,2.605,35,1,0,Casual Learners
U01577,1,0.0,0.0,1,4,0,1.52,30,1,0,Casual Learners
U01578,15,1408.0,93.86666666666666,10,0,2,2.884666666666667,26,1,1,Explorer Learners
U01579,1,0.0,0.0,1,6,0,1.59,31,1,0,Casual Learners
U01580,2,394.26,197.13,2,2,2,1.54,15,0,3,Premium Specialists
U01581,2,215.23000000000002,107.61500000000001,2,5,0,2.595,30,1,0,Casual Learners
U01582,1,0.0,0.0,1,8,2,4.11,16,1,0,Casual Learners
U01583,1,0.0,0.0,1,10,2,3.45,30,0,2,Budget Learners
U01584,1,0.0,0.0,1,5,1,4.44,32,1,0,Casual Learners
U01585,11,891.67,81.06090909090909,6,6,1,3.441818181818182,27,1,1,Explorer Learners
U01586,14,1193.63,85.25928571428572,9,7,1,3.0142857142857147,27,1,1,Explorer Learners
U01587,2,37.89,18.945,2,2,0,2.615,27,1,0,Casual Learners
U01588,1,0.0,0.0,1,10,2,3.45,32,1,0,Casual Learners
U01589,1,0.0,0.0,1,2,1,4.94,16,0,2,Budget Learners
U01590,1,0.0,0.0,1,10,1,4.68,33,1,0,Casual Learners
U01591,2,0.0,0.0,2,0,0,3.01,32,0,2,Budget Learners
U01592,4,0.0,0.0,4,2,1,2.295,33,1,0,Casual Learners
U01593,1,0.0,0.0,1,5,1,4.44,34,1,0,Casual Learners
U01594,1,37.89,37.89,1,11,0,1.3,35,1,0,Casual Learners
U01595,2,592.85,296.425,2,0,0,3.5,15,1,3,Premium Specialists
U01596,2,0.0,0.0,2,3,1,2.3899999999999997,22,1,0,Casual Learners
U01597,1,299.57,299.57,1,3,1,3.74,21,0,3,Premium Specialists
U01598,1,0.0,0.0,1,11,1,3.32,30,0,2,Budget Learners
U01599,1,0.0,0.0,1,8,0,2.98,29,0,2,Budget Learners
U01600,1,326.02,326.02,1,1,2,2.69,29,0,3,Premium Specialists
U01601,2,346.71,173.355,2,4,0,2.87,23,0,2,Budget Learners
U01602,13,871.4,67.03076923076922,10,0,1,3.276153846153846,31,0,1,Explorer Learners
U01603,2,89.59,44.795,2,0,0,2.1350000000000002,32,1,0,Casual Learners
U01604,1,0.0,0.0,1,10,2,3.45,31,0,2,Budget Learners
U01605,1,57.32,57.32,1,11,0,4.74,18,1,0,Casual Learners
U01606,1,346.71,346.71,1,10,0,1.23,17,0,3,Premium Specialists
U01607,1,89.59,89.59,1,0,2,2.68,25,1,0,Casual Learners
U01608,1,0.0,0.0,1,7,2,1.73,15,0,2,Budget Learners
U01609,1,0.0,0.0,1,11,1,2.2,15,1,0,Casual Learners
U01610,1,0.0,0.0,1,8,0,2.01,31,1,0,Casual Learners
U01611,1,0.0,0.0,1,8,0,2.01,27,1,0,Casual Learners
U01612,1,0.0,0.0,1,7,2,1.73,29,1,0,Casual Learners
U01613,1,0.0,0.0,1,2,1,4.94,25,1,0,Casual Learners
U01614,1,0.0,0.0,1,5,2,4.66,17,1,0,Casual Learners
U01615,1,0.0,0.0,1,7,0,1.81,29,1,0,Casual Learners
U01616,1,0.0,0.0,1,11,1,3.32,20,1,0,Casual Learners
U01617,1,0.0,0.0,1,9,1,1.28,21,1,0,Casual Learners
U01618,13,898.9499999999999,69.14999999999999,8,8,0,3.129230769230769,15,0,1,Explorer Learners
U01619,1,490.9,490.9,1,0,1,4.55,20,0,3,Premium Specialists
U01620,1,0.0,0.0,1,5,1,4.44,19,0,2,Budget Learners
U01621,2,0.0,0.0,2,1,0,1.905,16,0,2,Budget Learners
U01622,1,0.78,0.78,1,7,0,3.89,15,0,2,Budget Learners
U01623,1,0.0,0.0,1,5,1,2.14,23,1,0,Casual Learners
U01624,4,809.56,202.39,4,0,0,3.265,34,0,3,Premium Specialists
U01625,3,394.26,131.42,3,2,2,3.2099999999999995,33,0,2,Budget Learners
U01626,1,0.0,0.0,1,6,1,4.14,26,0,2,Budget Learners
U01627,13,732.86,56.37384615384615,9,2,1,2.856923076923077,23,0,1,Explorer Learners
U01628,14,1576.41,112.60071428571429,7,1,0,2.5435714285714286,26,1,1,Explorer Learners
U01629,1,53.86,53.86,1,6,1,2.47,28,0,2,Budget Learners
U01630,1,0.0,0.0,1,3,2,3.02,33,1,0,Casual Learners
U01631,2,394.26,197.13,2,2,0,1.435,18,0,3,Premium Specialists
U01632,1,0.0,0.0,1,2,2,3.93,21,1,0,Casual Learners
U01633,1,0.0,0.0,1,10,1,4.68,34,1,0,Casual Learners
U01634,1,0.0,0.0,1,3,2,3.02,35,1,0,Casual Learners
U01635,14,743.14,53.08142857142857,9,1,0,2.9021428571428567,18,0,1,Explorer Learners
U01636,1,0.0,0.0,1,4,0,4.45,19,1,0,Casual Learners
U01637,13,1567.34,120.56461538461538,9,5,1,3.713846153846154,30,1,1,Explorer Learners
U01638,1,0.0,0.0,1,11,1,2.2,26,1,0,Casual Learners
U01639,1,0.0,0.0,1,9,2,2.43,27,1,0,Casual Learners
U01640,1,0.0,0.0,1,8,2,4.72,23,0,2,Budget Learners
U01641,1,0.0,0.0,1,6,2,4.1,17,1,0,Casual Learners
U01642,1,0.0,0.0,1,3,1,3.65,26,1,0,Casual Learners
U01643,1,89.59,89.59,1,0,2,2.68,25,1,0,Casual Learners
U01644,3,487.92,162.64000000000001,2,1,0,3.526666666666667,23,1,0,Casual Learners
U01645,3,0.78,0.26,3,1,0,3.3333333333333335,19,1,0,Casual Learners
U01646,1,0.0,0.0,1,9,2,2.43,28,0,2,Budget Learners
U01647,13,1297.69,99.8223076923077,9,2,1,3.5084615384615385,17,0,1,Explorer Learners
U01648,4,118.46000000000001,29.615000000000002,3,7,0,2.4924999999999997,22,0,2,Budget Learners
U01649,13,2151.13,165.47153846153847,8,0,2,2.853846153846154,35,1,1,Explorer Learners
U01650,1,0.0,0.0,1,7,0,1.81,33,1,0,Casual Learners
U01651,1,212.39,212.39,1,5,0,3.15,25,0,2,Budget Learners
U01652,2,327.99,163.995,2,2,1,2.72,35,1,0,Casual Learners
U01653,1,0.0,0.0,1,4,0,2.61,21,0,2,Budget Learners
U01654,15,2711.54,180.76933333333332,9,1,0,3.1113333333333335,22,0,1,Explorer Learners
U01655,1,0.0,0.0,1,7,0,1.81,23,1,0,Casual Learners
U01656,12,918.87,76.5725,8,2,0,3.1283333333333334,27,1,1,Explorer Learners
U01657,1,0.0,0.0,1,3,1,3.65,22,0,2,Budget Learners
U01658,1,177.34,177.34,1,5,0,3.89,31,0,2,Budget Learners
U01659,3,540.38,180.12666666666667,2,10,1,3.1133333333333333,27,0,2,Budget Learners
U01660,2,95.21000000000001,47.605000000000004,1,11,0,3.02,25,0,2,Budget Learners
U01661,1,0.0,0.0,1,11,1,3.32,27,0,2,Budget Learners
U01662,15,2154.37,143.62466666666666,10,6,0,3.3066666666666666,28,1,1,Explorer Learners
U01663,2,0.0,0.0,2,8,1,3.0,28,0,2,Budget Learners
U01664,2,415.51,207.755,2,0,2,3.065,23,0,3,Premium Specialists
U01665,4,0.0,0.0,3,3,1,3.9575,34,0,2,Budget Learners
U01666,14,589.19,42.085,9,4,0,2.785,28,0,1,Explorer Learners
U01667,1,0.0,0.0,1,6,0,1.59,23,0,2,Budget Learners
U01668,1,0.0,0.0,1,7,1,1.13,27,0,2,Budget Learners
U01669,2,53.86,26.93,2,6,1,3.575,30,0,2,Budget Learners
U01670,1,0.0,0.0,1,11,1,3.32,19,1,0,Casual Learners
U01671,15,839.93,55.99533333333333,10,6,1,2.9560000000000004,25,1,1,Explorer Learners
U01672,1,0.0,0.0,1,4,1,4.51,15,1,0,Casual Learners
U01673,1,0.0,0.0,1,7,2,1.73,16,1,0,Casual Learners
U01674,14,1224.07,87.43357142857143,9,2,1,2.9164285714285714,27,0,1,Explorer Learners
U01675,1,394.26,394.26,1,2,2,1.35,17,1,3,Premium Specialists
U01676,1,0.0,0.0,1,8,0,4.79,22,1,0,Casual Learners
U01677,2,0.0,0.0,2,1,0,2.88,22,1,0,Casual Learners
U01678,1,0.0,0.0,1,7,2,4.73,31,0,2,Budget Learners
U01679,1,0.0,0.0,1,4,0,4.45,16,0,2,Budget Learners
U01680,1,0.0,0.0,1,1,0,2.0,30,1,0,Casual Learners
U01681,1,0.0,0.0,1,10,2,3.45,33,1,0,Casual Learners
U01682,2,0.0,0.0,2,5,1,3.99,21,1,0,Casual Learners
U01683,1,326.02,326.02,1,1,2,2.69,19,0,3,Premium Specialists
U01684,2,0.0,0.0,2,2,0,1.9849999999999999,26,0,2,Budget Learners
U01685,1,0.0,0.0,1,7,2,1.73,26,0,2,Budget Learners
U01686,1,0.0,0.0,1,8,0,2.01,32,1,0,Casual Learners
U01687,2,0.0,0.0,1,8,0,3.885,23,0,2,Budget Learners
U01688,2,0.0,0.0,2,8,0,3.15,28,0,2,Budget Learners
U01689,1,0.0,0.0,1,11,1,3.32,30,0,2,Budget Learners
U01690,4,0.0,0.0,4,0,1,4.3075,27,1,0,Casual Learners
U01691,1,37.89,37.89,1,11,0,1.3,22,1,0,Casual Learners
U01692,12,1372.26,114.355,10,0,0,3.330833333333333,26,1,1,Explorer Learners
U01693,2,276.37,138.185,2,4,0,2.6950000000000003,21,1,0,Casual Learners
U01694,1,342.61,342.61,1,10,2,4.84,35,1,3,Premium Specialists
U01695,13,1458.16,112.16615384615385,9,4,0,3.06923076923077,32,1,1,Explorer Learners
U01696,2,327.99,163.995,2,5,1,3.085,31,0,2,Budget Learners
U01697,1,0.0,0.0,1,5,1,2.14,35,1,0,Casual Learners
U01698,1,0.0,0.0,1,7,1,1.13,28,0,2,Budget Learners
U01699,1,0.0,0.0,1,6,2,4.1,23,0,2,Budget Learners
U01700,1,326.02,326.02,1,1,2,2.69,25,0,3,Premium Specialists
U01701,1,117.68,117.68,1,3,0,2.57,22,1,0,Casual Learners
U01702,14,957.02,68.35857142857142,8,1,1,3.3164285714285713,21,0,1,Explorer Learners
U01703,3,487.92,162.64000000000001,3,1,0,3.516666666666667,21,1,0,Casual Learners
U01704,2,89.59,44.795,2,0,1,3.8100000000000005,30,0,2,Budget Learners
U01705,1,472.28,472.28,1,9,1,4.74,28,1,3,Premium Specialists
U01706,1,0.0,0.0,1,9,1,3.85,17,0,2,Budget Learners
U01707,3,119.04,39.68,3,2,0,4.16,32,1,0,Casual Learners
U01708,14,1615.22,115.37285714285714,9,6,2,2.6457142857142855,22,1,1,Explorer Learners
U01709,1,0.0,0.0,1,5,1,2.14,35,0,2,Budget Learners
U01710,1,394.26,394.26,1,2,2,1.35,32,1,3,Premium Specialists
U01711,1,53.86,53.86,1,6,1,2.47,15,0,2,Budget Learners
U01712,1,0.0,0.0,1,6,0,1.59,30,1,0,Casual Learners
U01713,4,451.58,112.895,4,2,0,2.7,15,1,0,Casual Learners
U01714,1,0.0,0.0,1,3,2,3.02,24,0,2,Budget Learners
U01715,1,0.0,0.0,1,4,1,4.51,27,1,0,Casual Learners
U01716,1,57.32,57.32,1,11,0,4.74,22,0,2,Budget Learners
U01717,1,299.57,299.57,1,3,1,3.74,20,1,3,Premium Specialists
U01718,1,0.0,0.0,1,4,0,1.52,23,1,0,Casual Learners
U01719,1,119.04,119.04,1,6,2,2.75,32,0,2,Budget Learners
U01720,15,1655.97,110.398,8,3,1,3.2853333333333334,21,0,1,Explorer Learners
U01721,10,810.29,81.029,7,11,0,3.357,15,0,1,Explorer Learners
U01722,1,0.0,0.0,1,7,0,1.81,30,0,2,Budget Learners
U01723,1,0.0,0.0,1,4,0,1.52,32,0,2,Budget Learners
U01724,16,1227.77,76.735625,10,4,0,3.0875,17,1,1,Explorer Learners
U01725,2,0.0,0.0,2,4,0,1.325,33,1,0,Casual Learners
U01726,13,1008.6800000000001,77.59076923076924,9,4,0,3.0107692307692306,32,0,1,Explorer Learners
U01727,1,0.0,0.0,1,2,2,3.93,15,0,2,Budget Learners
U01728,2,0.0,0.0,2,4,0,3.745,33,0,2,Budget Learners
U01729,15,2400.05,160.00333333333336,10,10,0,2.896666666666667,29,0,1,Explorer Learners
U01730,1,0.0,0.0,1,4,0,2.61,27,0,2,Budget Learners
U01731,1,0.0,0.0,1,6,2,4.1,28,1,0,Casual Learners
U01732,2,0.0,0.0,2,4,0,4.585,17,0,2,Budget Learners
U01733,4,575.94,143.985,4,3,2,3.085,20,0,2,Budget Learners
U01734,3,445.06,148.35333333333332,3,1,2,2.32,29,1,3,Premium Specialists
U01735,1,57.32,57.32,1,11,0,4.74,29,1,0,Casual Learners
U01736,1,0.0,0.0,1,3,2,3.6,17,1,0,Casual Learners
U01737,1,0.0,0.0,1,9,1,1.28,23,1,0,Casual Learners
U01738,1,0.0,0.0,1,4,0,4.45,16,0,2,Budget Learners
U01739,1,0.0,0.0,1,8,0,2.98,19,1,0,Casual Learners
U01740,1,0.0,0.0,1,8,0,2.98,20,1,0,Casual Learners
U01741,2,0.0,0.0,2,3,1,2.95,30,1,0,Casual Learners
U01742,2,0.0,0.0,1,6,1,4.119999999999999,30,0,2,Budget Learners
U01743,1,0.0,0.0,1,7,0,1.81,15,1,0,Casual Learners
U01744,4,665.26,166.315,4,1,0,3.9625,22,1,0,Casual Learners
U01745,13,1622.6399999999999,124.81846153846153,7,3,1,3.2546153846153847,21,0,1,Explorer Learners
U01746,14,1607.25,114.80357142857143,8,5,1,3.3685714285714283,24,1,1,Explorer Learners
U01747,4,177.34,44.335,4,5,2,3.6925,19,0,2,Budget Learners
U01748,1,394.26,394.26,1,2,2,1.35,22,1,3,Premium Specialists
U01749,1,276.37,276.37,1,4,0,2.72,31,0,3,Premium Specialists
U01750,4,627.6600000000001,156.91500000000002,4,1,1,3.435,24,1,3,Premium Specialists
U01751,1,0.78,0.78,1,7,0,3.89,25,0,2,Budget Learners
U01752,4,301.98,75.495,4,0,0,2.8,34,0,2,Budget Learners
U01753,1,0.0,0.0,1,1,0,2.0,17,0,2,Budget Learners
U01754,1,0.0,0.0,1,0,1,3.64,22,1,0,Casual Learners
U01755,1,285.05,285.05,1,1,1,1.96,26,0,3,Premium Specialists
U01756,2,0.0,0.0,2,7,1,1.505,21,1,0,Casual Learners
U01757,1,0.0,0.0,1,9,1,2.88,26,0,2,Budget Learners
U01758,1,326.02,326.02,1,1,2,2.69,16,0,3,Premium Specialists
U01759,1,276.37,276.37,1,4,0,2.72,21,1,3,Premium Specialists
U01760,1,490.9,490.9,1,0,1,4.55,19,1,3,Premium Specialists
U01761,2,0.0,0.0,2,1,0,2.44,31,1,0,Casual Learners
U01762,15,1427.04,95.136,11,8,0,3.624666666666667,33,1,1,Explorer Learners
U01763,1,248.1,248.1,1,0,1,1.2,24,1,3,Premium Specialists
U01764,2,285.05,142.525,2,1,1,3.2,30,1,0,Casual Learners
U01765,1,0.0,0.0,1,8,0,2.01,24,0,2,Budget Learners
U01766,3,623.0799999999999,207.6933333333333,3,2,0,2.9633333333333334,33,0,3,Premium Specialists
U01767,1,0.0,0.0,1,5,1,4.44,15,0,2,Budget Learners
U01768,2,0.0,0.0,2,2,0,4.19,26,0,2,Budget Learners
U01769,4,53.86,13.465,4,5,1,3.1875,15,1,0,Casual Learners
U01770,2,0.0,0.0,2,2,0,4.695,22,0,2,Budget Learners
U01771,3,347.48999999999995,115.82999999999998,3,4,0,2.2133333333333334,21,1,0,Casual Learners
U01772,1,0.0,0.0,1,8,0,2.01,32,0,2,Budget Learners
U01773,16,2596.54,162.28375,8,0,1,3.124375,17,1,1,Explorer Learners
U01774,1,0.0,0.0,1,2,1,4.94,17,1,0,Casual Learners
U01775,2,0.0,0.0,2,4,0,3.0999999999999996,31,0,2,Budget Learners
U01776,2,0.0,0.0,2,1,0,2.645,30,0,2,Budget Learners
U01777,1,0.0,0.0,1,11,1,2.2,27,1,0,Casual Learners
U01778,2,0.0,0.0,2,3,1,4.055,24,0,2,Budget Learners
U01779,1,0.0,0.0,1,8,2,4.72,31,1,0,Casual Learners
U01780,1,346.71,346.71,1,10,0,1.23,27,1,3,Premium Specialists
U01781,1,0.0,0.0,1,10,2,3.45,30,1,0,Casual Learners
U01782,1,0.0,0.0,1,9,1,3.85,17,0,2,Budget Learners
U01783,3,57.32,19.106666666666666,3,1,0,3.78,28,1,0,Casual Learners
U01784,1,119.04,119.04,1,6,2,2.75,32,0,2,Budget Learners
U01785,1,0.0,0.0,1,7,2,4.73,34,0,2,Budget Learners
U01786,13,1539.78,118.44461538461539,8,6,0,3.1830769230769227,25,0,1,Explorer Learners
U01787,2,266.93,133.465,2,0,0,3.285,30,0,2,Budget Learners
U01788,2,89.59,44.795,2,0,0,3.7350000000000003,15,1,0,Casual Learners
U01789,15,1442.1299999999999,96.142,8,3,1,3.234,33,0,1,Explorer Learners
U01790,1,299.57,299.57,1,3,1,3.74,25,1,3,Premium Specialists
U01791,2,53.86,26.93,2,6,0,3.63,31,0,2,Budget Learners
U01792,1,53.86,53.86,1,6,1,2.47,15,1,0,Casual Learners
U01793,1,0.0,0.0,1,2,2,3.93,30,1,0,Casual Learners
U01794,1,0.0,0.0,1,1,0,2.0,26,1,0,Casual Learners
U01795,13,1145.56,88.11999999999999,9,0,0,2.9646153846153847,15,0,1,Explorer Learners
U01796,1,0.0,0.0,1,11,0,2.67,15,1,0,Casual Learners
U01797,1,490.9,490.9,1,0,1,4.55,33,1,3,Premium Specialists
U01798,1,487.92,487.92,1,1,0,3.64,18,1,3,Premium Specialists
U01799,1,0.0,0.0,1,1,0,3.15,33,0,2,Budget Learners
U01800,2,248.1,124.05,2,0,1,2.4,25,0,2,Budget Learners
U01801,1,394.26,394.26,1,2,2,1.35,20,1,3,Premium Specialists
U01802,1,276.37,276.37,1,4,0,2.72,15,0,3,Premium Specialists
U01803,3,342.61,114.20333333333333,3,9,1,3.6799999999999997,27,0,2,Budget Learners
U01804,2,0.0,0.0,2,5,0,3.71,20,0,2,Budget Learners
U01805,15,431.96000000000004,28.797333333333334,9,2,1,2.834,21,1,1,Explorer Learners
U01806,1,0.0,0.0,1,6,1,4.14,26,1,0,Casual Learners
U01807,2,490.9,245.45,2,0,0,3.7649999999999997,31,1,3,Premium Specialists
U01808,3,684.67,228.22333333333333,2,5,0,4.183333333333334,15,1,3,Premium Specialists
U01809,13,1427.78,109.82923076923076,8,2,1,3.3169230769230773,24,0,1,Explorer Learners
U01810,15,2242.06,149.47066666666666,8,1,0,2.9113333333333333,15,0,1,Explorer Learners
U01811,1,0.0,0.0,1,6,0,1.59,28,0,2,Budget Learners
U01812,15,798.53,53.23533333333333,10,3,0,2.9353333333333333,17,1,1,Explorer Learners
U01813,1,0.0,0.0,1,3,1,3.65,24,0,2,Budget Learners
U01814,3,472.28,157.42666666666665,3,7,0,2.8266666666666667,17,0,2,Budget Learners
U01815,1,0.0,0.0,1,4,1,4.51,30,1,0,Casual Learners
U01816,2,0.0,0.0,2,3,1,2.895,21,1,0,Casual Learners
U01817,1,0.0,0.0,1,1,0,2.0,33,1,0,Casual Learners
U01818,2,53.86,26.93,2,6,1,3.5949999999999998,15,1,0,Casual Learners
U01819,1,0.0,0.0,1,8,0,4.79,17,1,0,Casual Learners
U01820,15,2407.56,160.504,11,1,0,2.8746666666666667,24,1,1,Explorer Learners
U01821,1,0.0,0.0,1,1,0,3.15,22,1,0,Casual Learners
U01822,15,447.03000000000003,29.802000000000003,9,6,0,2.9059999999999997,22,1,1,Explorer Learners
U01823,1,0.0,0.0,1,6,0,1.59,22,1,0,Casual Learners
U01824,1,327.99,327.99,1,10,1,1.51,20,1,3,Premium Specialists
U01825,14,758.12,54.151428571428575,9,7,2,3.143571428571429,25,1,1,Explorer Learners
U01826,1,0.0,0.0,1,5,1,2.14,17,1,0,Casual Learners
U01827,1,0.0,0.0,1,4,0,4.45,28,1,0,Casual Learners
U01828,1,177.34,177.34,1,5,0,3.89,21,1,0,Casual Learners
U01829,2,0.0,0.0,2,2,2,3.005,27,1,0,Casual Learners
U01830,1,37.89,37.89,1,11,0,1.3,15,1,0,Casual Learners
U01831,1,472.28,472.28,1,9,1,4.74,34,0,3,Premium Specialists
U01832,1,0.0,0.0,1,9,1,2.88,24,1,0,Casual Learners
U01833,2,487.92,243.96,2,1,0,4.215,16,1,3,Premium Specialists
U01834,1,0.0,0.0,1,7,2,1.73,33,0,2,Budget Learners
U01835,2,0.0,0.0,1,8,0,4.755,27,1,0,Casual Learners
U01836,1,299.57,299.57,1,3,1,3.74,32,0,3,Premium Specialists
U01837,1,326.02,326.02,1,1,2,2.69,24,0,3,Premium Specialists
U01838,2,0.0,0.0,2,2,2,4.015,24,1,0,Casual Learners
U01839,1,0.0,0.0,1,3,2,3.6,22,0,2,Budget Learners
U01840,14,460.83000000000004,32.916428571428575,10,7,1,3.3735714285714287,35,0,1,Explorer Learners
U01841,1,0.0,0.0,1,2,2,1.91,18,0,2,Budget Learners
U01842,13,1169.28,89.94461538461539,9,0,1,3.1123076923076924,33,0,1,Explorer Learners
U01843,1,0.0,0.0,1,11,0,2.67,19,0,2,Budget Learners
U01844,1,0.0,0.0,1,3,2,3.02,18,0,2,Budget Learners
U01845,1,0.0,0.0,1,4,0,4.45,17,0,2,Budget Learners
U01846,2,117.68,58.84,2,2,0,3.755,21,0,2,Budget Learners
U01847,1,0.0,0.0,1,2,2,1.91,18,0,2,Budget Learners
U01848,1,0.0,0.0,1,1,0,3.15,30,0,2,Budget Learners
U01849,1,0.0,0.0,1,10,2,3.45,23,1,0,Casual Learners
U01850,3,418.61,139.53666666666666,2,3,2,3.3633333333333333,29,0,2,Budget Learners
U01851,4,668.63,167.1575,3,1,2,3.1375,20,1,3,Premium Specialists
U01852,4,513.3,128.325,4,2,2,2.9425,19,0,2,Budget Learners
U01853,1,89.59,89.59,1,0,2,2.68,31,1,0,Casual Learners
U01854,13,1160.54,89.27230769230769,9,6,0,3.4423076923076925,16,1,1,Explorer Learners
U01855,1,53.86,53.86,1,6,1,2.47,15,0,2,Budget Learners
U01856,1,0.0,0.0,1,3,2,3.02,27,1,0,Casual Learners
U01857,2,53.86,26.93,2,4,0,3.46,27,0,2,Budget Learners
U01858,1,0.0,0.0,1,10,2,3.45,34,0,2,Budget Learners
U01859,1,0.0,0.0,1,11,1,2.2,24,0,2,Budget Learners
U01860,3,487.92,162.64000000000001,3,1,0,3.236666666666667,19,1,0,Casual Learners
U01861,2,95.21000000000001,47.605000000000004,1,11,0,3.02,28,0,2,Budget Learners
U01862,1,0.0,0.0,1,5,2,4.66,24,1,0,Casual Learners
U01863,1,342.61,342.61,1,10,2,4.84,26,1,3,Premium Specialists
U01864,1,0.0,0.0,1,8,2,4.72,15,1,0,Casual Learners
U01865,4,0.0,0.0,3,9,1,1.915,18,1,0,Casual Learners
U01866,1,0.0,0.0,1,10,2,3.45,25,1,0,Casual Learners
U01867,13,892.1,68.62307692307692,8,0,1,3.3230769230769233,24,0,1,Explorer Learners
U01868,2,0.0,0.0,2,2,1,3.025,27,0,2,Budget Learners
U01869,1,0.0,0.0,1,2,2,1.91,32,1,0,Casual Learners
U01870,1,0.0,0.0,1,2,2,3.93,28,0,2,Budget Learners
U01871,14,916.53,65.46642857142857,8,3,2,3.2671428571428573,21,1,1,Explorer Learners
U01872,14,2084.41,148.88642857142855,10,1,2,3.314285714285714,28,0,1,Explorer Learners
U01873,1,0.0,0.0,1,9,1,1.28,26,1,0,Casual Learners
U01874,1,415.51,415.51,1,0,2,3.11,15,0,3,Premium Specialists
U01875,1,285.05,285.05,1,1,1,1.96,30,1,3,Premium Specialists
U01876,14,971.8199999999999,69.41571428571429,7,9,1,3.391428571428571,17,1,1,Explorer Learners
U01877,12,1219.46,101.62166666666667,9,5,1,2.9875000000000003,19,1,1,Explorer Learners
U01878,1,0.0,0.0,1,4,0,4.45,20,0,2,Budget Learners
U01879,15,2367.91,157.86066666666665,8,6,0,2.656,32,0,1,Explorer Learners
U01880,2,0.0,0.0,2,4,1,4.585,26,0,2,Budget Learners
U01881,1,346.71,346.71,1,10,0,1.23,30,1,3,Premium Specialists
U01882,3,95.21000000000001,31.736666666666668,2,11,0,3.063333333333334,30,0,2,Budget Learners
U01883,1,490.9,490.9,1,0,1,4.55,30,0,3,Premium Specialists
U01884,1,346.71,346.71,1,10,0,1.23,20,1,3,Premium Specialists
U01885,1,0.0,0.0,1,10,1,4.68,25,0,2,Budget Learners
U01886,1,0.0,0.0,1,8,0,4.79,17,1,0,Casual Learners
U01887,1,0.0,0.0,1,3,1,3.65,21,0,2,Budget Learners
U01888,1,0.0,0.0,1,2,2,3.93,15,0,2,Budget Learners
U01889,1,0.0,0.0,1,4,0,2.61,30,0,2,Budget Learners
U01890,1,0.0,0.0,1,6,0,1.59,18,0,2,Budget Learners
U01891,1,0.0,0.0,1,9,1,1.28,35,0,2,Budget Learners
U01892,1,0.0,0.0,1,11,1,2.2,16,1,0,Casual Learners
U01893,12,1298.19,108.1825,8,1,1,2.94,23,0,1,Explorer Learners
U01894,1,0.0,0.0,1,10,1,4.68,35,1,0,Casual Learners
U01895,1,0.0,0.0,1,3,2,3.02,35,0,2,Budget Learners
U01896,12,1720.4099999999999,143.36749999999998,9,0,2,3.065,32,0,1,Explorer Learners
U01897,1,0.0,0.0,1,4,0,1.52,15,0,2,Budget Learners
U01898,1,117.68,117.68,1,3,0,2.57,26,1,0,Casual Learners
U01899,2,0.0,0.0,2,9,1,3.0999999999999996,25,0,2,Budget Learners
U01900,11,1307.56,118.8690909090909,7,0,0,3.022727272727273,19,1,1,Explorer Learners
U01901,1,0.0,0.0,1,7,0,1.81,23,1,0,Casual Learners
U01902,1,57.32,57.32,1,11,0,4.74,30,0,2,Budget Learners
U01903,13,1334.7,102.66923076923078,9,0,0,2.9815384615384612,17,0,1,Explorer Learners
U01904,1,487.92,487.92,1,1,0,3.64,17,1,3,Premium Specialists
U01905,2,490.9,245.45,2,0,1,2.915,24,0,3,Premium Specialists
U01906,15,1395.69,93.046,10,8,1,2.4353333333333333,19,1,1,Explorer Learners
U01907,2,89.59,44.795,2,0,1,2.41,15,1,0,Casual Learners
U01908,12,888.6700000000001,74.05583333333334,9,11,0,3.2708333333333335,19,1,1,Explorer Learners
U01909,3,37.89,12.63,3,7,0,1.68,25,1,0,Casual Learners
U01910,1,177.34,177.34,1,5,0,3.89,28,1,0,Casual Learners
U01911,1,299.57,299.57,1,3,1,3.74,22,1,3,Premium Specialists
U01912,1,0.0,0.0,1,3,2,3.02,24,0,2,Budget Learners
U01913,1,0.0,0.0,1,9,1,2.88,24,1,0,Casual Learners
U01914,1,0.0,0.0,1,4,0,2.61,32,0,2,Budget Learners
U01915,2,453.4,226.7,2,0,0,2.205,34,0,3,Premium Specialists
U01916,1,117.68,117.68,1,3,0,2.57,29,1,0,Casual Learners
U01917,15,1159.54,77.30266666666667,8,3,0,2.9939999999999998,18,0,1,Explorer Learners
U01918,14,979.12,69.93714285714286,8,3,0,2.6207142857142856,23,1,1,Explorer Learners
U01919,1,0.0,0.0,1,9,1,1.28,16,0,2,Budget Learners
U01920,13,1627.8600000000001,125.22000000000001,8,3,0,3.0961538461538463,33,1,1,Explorer Learners
U01921,2,0.0,0.0,2,0,1,3.645,24,1,0,Casual Learners
U01922,2,0.0,0.0,2,2,1,3.295,21,1,0,Casual Learners
U01923,1,57.32,57.32,1,11,0,4.74,19,1,0,Casual Learners
U01924,2,89.59,44.795,2,0,1,3.0,20,1,0,Casual Learners
U01925,1,299.57,299.57,1,3,1,3.74,33,1,3,Premium Specialists
U01926,13,1189.53,91.5023076923077,9,7,1,2.926153846153846,26,0,1,Explorer Learners
U01927,1,0.0,0.0,1,3,2,3.02,27,0,2,Budget Learners
U01928,1,0.0,0.0,1,2,1,4.94,33,0,2,Budget Learners
U01929,14,1057.52,75.53714285714285,7,7,2,2.8964285714285714,19,1,1,Explorer Learners
U01930,1,0.0,0.0,1,10,2,3.45,28,0,2,Budget Learners
U01931,11,1270.8,115.52727272727272,7,7,1,2.562727272727273,23,0,1,Explorer Learners
U01932,1,415.51,415.51,1,0,2,3.11,25,1,3,Premium Specialists
U01933,2,0.0,0.0,2,8,2,3.7800000000000002,27,0,2,Budget Learners
U01934,14,1737.54,124.11,8,0,0,3.3214285714285716,22,1,1,Explorer Learners
U01935,1,0.0,0.0,1,9,2,2.43,33,0,2,Budget Learners
U01936,2,0.0,0.0,2,2,1,4.1850000000000005,23,1,0,Casual Learners
U01937,1,0.0,0.0,1,0,1,3.64,21,0,2,Budget Learners
U01938,2,490.9,245.45,2,0,1,4.345,33,0,3,Premium Specialists
U01939,4,418.61,104.6525,4,3,2,2.975,35,1,0,Casual Learners
U01940,2,276.37,138.185,2,4,0,3.41,16,0,2,Budget Learners
U01941,1,89.59,89.59,1,0,2,2.68,26,0,2,Budget Learners
U01942,1,0.0,0.0,1,10,2,3.45,27,1,0,Casual Learners
U01943,14,1499.75,107.125,7,6,2,3.733571428571429,17,1,1,Explorer Learners
U01944,2,0.0,0.0,2,3,1,3.875,19,0,2,Budget Learners
U01945,1,342.61,342.61,1,10,2,4.84,29,0,3,Premium Specialists
U01946,1,0.0,0.0,1,7,2,1.73,19,0,2,Budget Learners
U01947,1,0.0,0.0,1,6,2,4.1,27,0,2,Budget Learners
U01948,1,276.37,276.37,1,4,0,2.72,33,0,3,Premium Specialists
U01949,1,0.0,0.0,1,7,2,1.73,19,1,0,Casual Learners
U01950,2,0.0,0.0,2,7,0,1.8699999999999999,29,1,0,Casual Learners
U01951,3,0.0,0.0,2,2,1,3.3333333333333335,19,0,2,Budget Learners
U01952,2,0.0,0.0,2,4,0,1.8699999999999999,15,0,2,Budget Learners
U01953,15,1263.45,84.23,11,3,2,3.4553333333333334,19,1,1,Explorer Learners
U01954,1,0.0,0.0,1,11,1,3.32,35,1,0,Casual Learners
U01955,1,0.0,0.0,1,6,1,4.14,29,0,2,Budget Learners
U01956,1,0.0,0.0,1,9,1,2.88,34,1,0,Casual Learners
U01957,1,0.0,0.0,1,8,0,4.79,30,1,0,Casual Learners
U01958,12,1580.86,131.73833333333332,8,6,0,3.1658333333333335,16,1,1,Explorer Learners
U01959,12,1347.93,112.3275,8,2,0,3.0725,26,0,1,Explorer Learners
U01960,1,326.02,326.02,1,1,2,2.69,19,0,3,Premium Specialists
U01961,14,914.14,65.29571428571428,7,10,1,3.02,30,1,1,Explorer Learners
U01962,11,1558.3899999999999,141.67181818181817,9,4,1,3.3654545454545457,19,1,1,Explorer Learners
U01963,1,327.99,327.99,1,10,1,1.51,30,1,3,Premium Specialists
U01964,4,276.37,69.0925,4,3,0,3.2125,32,1,0,Casual Learners
U01965,1,0.0,0.0,1,6,2,4.1,19,0,2,Budget Learners
U01966,4,576.09,144.0225,4,0,1,1.88,25,0,3,Premium Specialists
U01967,1,0.0,0.0,1,2,2,1.91,27,0,2,Budget Learners
U01968,2,415.51,207.755,2,0,1,3.7750000000000004,30,0,3,Premium Specialists
U01969,1,248.1,248.1,1,0,1,1.2,26,1,3,Premium Specialists
U01970,2,0.0,0.0,2,5,0,3.465,16,0,2,Budget Learners
U01971,1,0.0,0.0,1,8,0,4.79,17,0,2,Budget Learners
U01972,1,0.0,0.0,1,9,1,3.85,18,1,0,Casual Learners
U01973,1,0.0,0.0,1,9,2,2.43,30,1,0,Casual Learners
U01974,2,490.9,245.45,2,0,0,4.5,31,0,3,Premium Specialists
U01975,1,394.26,394.26,1,2,2,1.35,29,1,3,Premium Specialists
U01976,1,0.0,0.0,1,7,2,4.73,24,1,0,Casual Learners
U01977,2,89.59,44.795,2,0,0,2.3449999999999998,32,1,0,Casual Learners
U01978,1,89.59,89.59,1,0,2,2.68,26,1,0,Casual Learners
U01979,12,1259.32,104.94333333333333,8,1,1,2.4908333333333332,25,0,1,Explorer Learners
U01980,1,0.0,0.0,1,6,2,4.1,15,0,2,Budget Learners
U01981,1,0.0,0.0,1,3,2,3.6,27,0,2,Budget Learners
U01982,1,276.37,276.37,1,4,0,2.72,35,0,3,Premium Specialists
U01983,1,53.86,53.86,1,6,1,2.47,29,0,2,Budget Learners
U01984,1,0.0,0.0,1,5,1,2.14,15,0,2,Budget Learners
U01985,1,0.0,0.0,1,11,1,3.32,22,0,2,Budget Learners
U01986,1,346.71,346.71,1,10,0,1.23,29,0,3,Premium Specialists
U01987,13,1332.16,102.47384615384615,10,1,1,3.0484615384615386,15,1,1,Explorer Learners
U01988,1,490.9,490.9,1,0,1,4.55,17,0,3,Premium Specialists
U01989,13,822.52,63.27076923076923,8,6,0,3.163846153846154,26,0,1,Explorer Learners
U01990,2,0.0,0.0,2,1,0,3.07,16,1,0,Casual Learners
U01991,3,363.90999999999997,121.30333333333333,3,1,0,1.8366666666666667,16,0,2,Budget Learners
U01992,2,346.71,173.355,1,10,0,2.34,18,1,0,Casual Learners
U01993,14,1263.01,90.215,8,6,1,2.9014285714285712,23,0,1,Explorer Learners
U01994,11,1198.07,108.91545454545454,8,0,1,3.241818181818182,20,0,1,Explorer Learners
U01995,1,0.0,0.0,1,7,0,1.81,35,0,2,Budget Learners
U01996,1,394.26,394.26,1,2,2,1.35,29,0,3,Premium Specialists
U01997,1,346.71,346.71,1,10,0,1.23,16,1,3,Premium Specialists
U01998,15,1587.13,105.80866666666667,10,2,2,2.9013333333333335,23,1,1,Explorer Learners
U01999,2,906.41,453.205,1,0,1,3.83,17,0,3,Premium Specialists
U02000,2,57.32,28.66,2,4,0,3.13,32,1,0,Casual Learners
U02001,1,0.0,0.0,1,7,0,1.81,30,1,0,Casual Learners
U02002,1,0.0,0.0,1,7,2,4.73,23,0,2,Budget Learners
U02003,4,490.9,122.725,4,0,0,3.4,31,1,0,Casual Learners
U02004,1,342.61,342.61,1,10,2,4.84,27,1,3,Premium Specialists
U02005,1,0.0,0.0,1,6,1,4.14,27,1,0,Casual Learners
U02006,1,0.0,0.0,1,2,2,1.91,34,1,0,Casual Learners
U02007,1,0.0,0.0,1,6,1,4.14,25,0,2,Budget Learners
U02008,1,0.0,0.0,1,8,2,4.11,25,1,0,Casual Learners
U02009,1,299.57,299.57,1,3,1,3.74,34,1,3,Premium Specialists
U02010,14,1880.52,134.32285714285715,9,5,1,3.4785714285714286,31,1,1,Explorer Learners
U02011,1,0.0,0.0,1,11,1,3.32,27,1,0,Casual Learners
U02012,1,37.89,37.89,1,11,0,1.3,17,0,2,Budget Learners
U02013,2,0.0,0.0,2,0,0,4.045,29,0,2,Budget Learners
U02014,3,54.64,18.213333333333335,3,2,1,3.766666666666667,23,0,2,Budget Learners
U02015,14,1209.15,86.36785714285715,9,2,1,3.267142857142857,30,1,1,Explorer Learners
U02016,1,0.0,0.0,1,0,1,3.64,25,1,0,Casual Learners
U02017,2,53.86,26.93,2,6,1,3.16,22,0,2,Budget Learners
U02018,1,0.0,0.0,1,9,1,1.28,35,1,0,Casual Learners
U02019,3,269.71,89.90333333333332,2,11,0,3.736666666666667,25,0,2,Budget Learners
U02020,1,0.0,0.0,1,7,1,1.13,18,1,0,Casual Learners
U02021,1,0.0,0.0,1,2,0,2.38,25,0,2,Budget Learners
U02022,11,958.29,87.11727272727272,8,9,1,2.5536363636363637,27,0,1,Explorer Learners
U02023,2,0.0,0.0,2,9,1,3.165,31,0,2,Budget Learners
U02024,2,0.0,0.0,2,1,0,3.22,24,0,2,Budget Learners
U02025,1,276.37,276.37,1,4,0,2.72,21,1,3,Premium Specialists
U02026,1,0.0,0.0,1,7,1,1.13,19,0,2,Budget Learners
U02027,1,0.0,0.0,1,5,1,2.14,28,1,0,Casual Learners
U02028,2,0.0,0.0,2,4,0,2.6399999999999997,35,0,2,Budget Learners
U02029,1,342.61,342.61,1,10,2,4.84,28,1,3,Premium Specialists
U02030,1,117.68,117.68,1,3,0,2.57,28,0,2,Budget Learners
U02031,2,119.04,59.52,2,6,1,1.94,20,1,0,Casual Learners
U02032,2,0.0,0.0,2,10,0,3.06,17,1,0,Casual Learners
U02033,1,0.0,0.0,1,8,0,2.98,25,1,0,Casual Learners
U02034,1,117.68,117.68,1,3,0,2.57,31,0,2,Budget Learners
U02035,15,1531.93,102.12866666666667,9,1,0,2.872,32,1,1,Explorer Learners
U02036,2,89.59,44.795,2,0,0,2.245,26,1,0,Casual Learners
U02037,2,327.99,163.995,2,6,1,2.8049999999999997,18,0,2,Budget Learners
U02038,11,519.95,47.26818181818182,9,10,0,3.689090909090909,32,0,1,Explorer Learners
U02039,13,1893.39,145.64538461538461,10,0,1,3.3876923076923076,29,1,1,Explorer Learners
U02040,1,0.0,0.0,1,3,2,3.6,30,1,0,Casual Learners
U02041,3,37.89,12.63,3,4,0,2.54,34,1,0,Casual Learners
U02042,1,0.0,0.0,1,10,2,3.45,32,0,2,Budget Learners
U02043,1,0.0,0.0,1,1,0,3.15,23,0,2,Budget Learners
U02044,2,0.0,0.0,2,2,1,3.89,24,0,2,Budget Learners
U02045,1,0.78,0.78,1,7,0,3.89,28,0,2,Budget Learners
U02046,1,0.0,0.0,1,11,1,3.32,17,1,0,Casual Learners
U02047,1,0.0,0.0,1,10,1,4.68,18,0,2,Budget Learners
U02048,1,89.59,89.59,1,0,2,2.68,19,0,2,Budget Learners
U02049,1,248.1,248.1,1,0,1,1.2,22,1,3,Premium Specialists
U02050,3,0.0,0.0,3,3,1,2.6633333333333336,28,1,0,Casual Learners
U02051,1,342.61,342.61,1,10,2,4.84,31,0,3,Premium Specialists
U02052,2,772.97,386.485,1,1,0,2.8,21,1,3,Premium Specialists
U02053,1,0.0,0.0,1,1,0,2.0,19,0,2,Budget Learners
U02054,2,0.0,0.0,2,9,1,2.3150000000000004,23,1,0,Casual Learners
U02055,14,1958.82,139.91571428571427,9,1,0,3.125,33,0,1,Explorer Learners
U02056,1,0.0,0.0,1,6,0,1.59,35,0,2,Budget Learners
U02057,2,0.0,0.0,2,0,1,2.775,16,1,0,Casual Learners
U02058,13,1253.57,96.42846153846153,8,0,1,3.017692307692308,16,1,1,Explorer Learners
U02059,1,0.0,0.0,1,8,0,2.98,20,0,2,Budget Learners
U02060,3,0.0,0.0,2,3,0,3.2099999999999995,31,0,2,Budget Learners
U02061,1,117.68,117.68,1,3,0,2.57,25,0,2,Budget Learners
U02062,1,0.0,0.0,1,2,0,2.38,35,1,0,Casual Learners
U02063,2,37.89,18.945,2,4,0,1.4100000000000001,26,1,0,Casual Learners
U02064,15,2068.0,137.86666666666667,10,0,1,3.108,35,1,1,Explorer Learners
U02065,2,0.0,0.0,2,2,0,2.195,20,1,0,Casual Learners
U02066,1,0.0,0.0,1,7,2,4.73,18,1,0,Casual Learners
U02067,1,0.0,0.0,1,3,2,3.6,26,0,2,Budget Learners
U02068,13,1233.26,94.86615384615385,7,9,1,3.433076923076923,15,1,1,Explorer Learners
U02069,1,0.0,0.0,1,3,2,3.6,18,1,0,Casual Learners
U02070,1,342.61,342.61,1,10,2,4.84,31,0,3,Premium Specialists
U02071,13,906.51,69.73153846153846,8,0,2,3.3,24,1,1,Explorer Learners
U02072,1,0.0,0.0,1,8,0,2.01,16,1,0,Casual Learners
U02073,2,37.89,18.945,2,3,0,2.45,19,0,2,Budget Learners
U02074,14,1691.76,120.84,9,3,1,2.7935714285714286,27,0,1,Explorer Learners
U02075,1,0.0,0.0,1,6,2,4.1,26,1,0,Casual Learners
U02076,1,0.0,0.0,1,4,0,2.61,24,0,2,Budget Learners
U02077,14,856.78,61.19857142857143,10,11,1,3.0635714285714286,24,1,1,Explorer Learners
U02078,2,342.37,171.185,2,1,0,3.35,34,0,2,Budget Learners
U02079,1,0.0,0.0,1,2,2,1.91,29,0,2,Budget Learners
U02080,2,833.51,416.755,2,0,1,4.695,33,1,3,Premium Specialists
U02081,2,119.04,59.52,2,4,0,2.135,19,0,2,Budget Learners
U02082,1,0.0,0.0,1,11,1,2.2,26,0,2,Budget Learners
U02083,2,487.92,243.96,2,1,0,2.92,27,0,3,Premium Specialists
U02084,3,0.78,0.26,3,7,2,3.476666666666667,21,0,2,Budget Learners
U02085,1,0.0,0.0,1,4,0,1.52,22,0,2,Budget Learners
U02086,2,342.61,171.305,2,3,2,4.22,30,1,0,Casual Learners
U02087,1,0.0,0.0,1,10,1,4.68,28,0,2,Budget Learners
U02088,1,0.0,0.0,1,8,2,4.11,18,0,2,Budget Learners
U02089,1,0.0,0.0,1,0,1,3.64,16,0,2,Budget Learners
U02090,1,0.0,0.0,1,3,1,3.65,22,0,2,Budget Learners
U02091,3,37.89,12.63,3,2,0,1.4466666666666665,27,1,0,Casual Learners
U02092,1,89.59,89.59,1,0,2,2.68,25,0,2,Budget Learners
U02093,2,248.1,124.05,2,0,1,2.8200000000000003,18,1,0,Casual Learners
U02094,11,394.26,35.841818181818184,9,2,1,3.0090909090909093,24,0,1,Explorer Learners
U02095,1,119.04,119.04,1,6,2,2.75,32,0,2,Budget Learners
U02096,13,815.44,62.72615384615385,9,7,2,3.646153846153846,31,1,1,Explorer Learners
U02097,2,327.99,163.995,2,4,1,3.01,15,0,2,Budget Learners
U02098,13,1137.72,87.51692307692308,8,1,0,2.5907692307692307,25,1,1,Explorer Learners
U02099,1,394.26,394.26,1,2,2,1.35,21,0,3,Premium Specialists
U02100,1,248.1,248.1,1,0,1,1.2,15,0,3,Premium Specialists
U02101,1,37.89,37.89,1,11,0,1.3,27,1,0,Casual Learners
U02102,3,0.0,0.0,3,2,2,3.546666666666667,20,0,2,Budget Learners
U02103,3,472.28,157.42666666666665,2,9,1,4.076666666666667,33,1,0,Casual Learners
U02104,1,0.0,0.0,1,3,2,3.6,15,1,0,Casual Learners
U02105,1,394.26,394.26,1,2,2,1.35,32,0,3,Premium Specialists
U02106,1,0.0,0.0,1,2,0,2.38,28,0,2,Budget Learners
U02107,2,0.0,0.0,2,0,0,2.615,31,1,0,Casual Learners
U02108,1,0.0,0.0,1,7,1,1.13,27,0,2,Budget Learners
U02109,1,0.0,0.0,1,11,0,2.67,23,1,0,Casual Learners
U02110,1,276.37,276.37,1,4,0,2.72,25,1,3,Premium Specialists
U02111,1,0.0,0.0,1,2,2,3.93,21,1,0,Casual Learners
U02112,2,0.0,0.0,2,3,1,4.165,22,0,2,Budget Learners
U02113,2,327.99,163.995,1,10,1,2.48,28,0,2,Budget Learners
U02114,1,0.0,0.0,1,5,1,2.14,32,1,0,Casual Learners
U02115,1,0.0,0.0,1,7,1,1.13,18,1,0,Casual Learners
U02116,1,342.61,342.61,1,10,2,4.84,32,0,3,Premium Specialists
U02117,1,0.0,0.0,1,9,1,2.88,31,1,0,Casual Learners
U02118,1,0.0,0.0,1,9,1,3.85,27,1,0,Casual Learners
U02119,1,0.0,0.0,1,2,2,1.91,24,0,2,Budget Learners
U02120,2,89.59,44.795,2,0,2,2.295,19,1,0,Casual Learners
U02121,1,415.51,415.51,1,0,2,3.11,16,0,3,Premium Specialists
U02122,2,0.0,0.0,2,4,0,4.5649999999999995,32,0,2,Budget Learners
U02123,2,415.51,207.755,2,0,2,3.6049999999999995,32,1,3,Premium Specialists
U02124,1,0.0,0.0,1,11,1,3.32,15,0,2,Budget Learners
U02125,13,1813.93,139.53307692307692,10,0,0,3.108461538461538,31,0,1,Explorer Learners
U02126,1,0.0,0.0,1,7,2,1.73,22,0,2,Budget Learners
U02127,2,0.0,0.0,2,2,1,3.0650000000000004,21,0,2,Budget Learners
U02128,1,0.0,0.0,1,4,0,1.52,30,1,0,Casual Learners
U02129,2,0.0,0.0,2,5,1,3.66,20,0,2,Budget Learners
U02130,1,212.39,212.39,1,5,0,3.15,19,1,0,Casual Learners
U02131,1,0.0,0.0,1,5,1,2.14,27,0,2,Budget Learners
U02132,2,0.0,0.0,2,9,1,3.585,20,0,2,Budget Learners
U02133,2,0.78,0.39,2,4,0,4.17,21,1,0,Casual Learners
U02134,1,0.0,0.0,1,6,1,4.14,31,0,2,Budget Learners
U02135,1,0.0,0.0,1,6,1,4.14,31,1,0,Casual Learners
U02136,1,0.0,0.0,1,1,0,3.15,33,1,0,Casual Learners
U02137,1,285.05,285.05,1,1,1,1.96,30,1,3,Premium Specialists
U02138,2,490.9,245.45,2,0,0,3.1799999999999997,19,0,3,Premium Specialists
U02139,1,0.78,0.78,1,7,0,3.89,23,1,0,Casual Learners
U02140,1,326.02,326.02,1,1,2,2.69,21,0,3,Premium Specialists
U02141,2,276.37,138.185,2,4,0,3.41,17,1,0,Casual Learners
U02142,4,212.39,53.0975,4,2,0,3.1525,26,0,2,Budget Learners
U02143,3,155.57,51.85666666666666,3,2,0,1.9266666666666665,24,1,0,Casual Learners
U02144,14,1768.1100000000001,126.29357142857144,9,0,2,3.064285714285714,15,1,1,Explorer Learners
U02145,1,0.0,0.0,1,11,0,2.67,16,0,2,Budget Learners
U02146,1,0.0,0.0,1,8,0,2.01,17,1,0,Casual Learners
U02147,15,1788.0,119.2,11,11,2,3.0973333333333333,33,1,1,Explorer Learners
U02148,1,346.71,346.71,1,10,0,1.23,31,0,3,Premium Specialists
U02149,15,1208.6599999999999,80.57733333333333,8,2,0,3.4459999999999997,21,0,1,Explorer Learners
U02150,1,0.0,0.0,1,2,2,1.91,16,0,2,Budget Learners
U02151,13,2232.52,171.7323076923077,8,0,1,3.48,18,0,1,Explorer Learners
U02152,13,2323.13,178.7023076923077,9,10,1,3.1138461538461537,35,0,1,Explorer Learners
U02153,13,1672.28,128.63692307692307,9,3,1,2.9407692307692304,18,0,1,Explorer Learners
U02154,3,837.6099999999999,279.2033333333333,3,0,0,3.503333333333334,16,1,3,Premium Specialists
U02155,14,623.14,44.51,10,3,1,2.9678571428571425,16,0,1,Explorer Learners
U02156,1,0.0,0.0,1,3,2,3.6,34,0,2,Budget Learners
U02157,3,0.0,0.0,3,0,0,4.386666666666667,29,1,0,Casual Learners
U02158,4,748.65,187.1625,4,4,1,3.1725000000000003,17,0,3,Premium Specialists
U02159,2,327.99,163.995,2,5,1,3.085,29,0,2,Budget Learners
U02160,1,0.0,0.0,1,8,0,2.01,21,0,2,Budget Learners
U02161,14,822.39,58.74214285714286,7,4,0,3.3264285714285715,23,0,1,Explorer Learners
U02162,1,0.0,0.0,1,5,1,2.14,25,1,0,Casual Learners
U02163,1,0.0,0.0,1,11,1,2.2,29,1,0,Casual Learners
U02164,1,0.0,0.0,1,9,1,3.85,25,0,2,Budget Learners
U02165,1,0.0,0.0,1,11,0,2.67,18,1,0,Casual Learners
U02166,1,0.0,0.0,1,7,1,1.13,27,1,0,Casual Learners
U02167,3,342.61,114.20333333333333,3,3,2,3.1966666666666668,25,0,2,Budget Learners
U02168,1,0.0,0.0,1,6,1,4.14,34,1,0,Casual Learners
U02169,1,0.0,0.0,1,2,2,1.91,32,0,2,Budget Learners
U02170,1,472.28,472.28,1,9,1,4.74,24,1,3,Premium Specialists
U02171,2,57.32,28.66,2,3,0,4.195,31,1,0,Casual Learners
U02172,1,0.0,0.0,1,8,0,2.98,34,1,0,Casual Learners
U02173,1,326.02,326.02,1,1,2,2.69,22,0,3,Premium Specialists
U02174,14,1787.88,127.7057142857143,8,0,2,3.0914285714285716,17,0,1,Explorer Learners
U02175,2,0.0,0.0,2,6,0,2.9749999999999996,15,0,2,Budget Learners
U02176,1,117.68,117.68,1,3,0,2.57,23,1,0,Casual Learners
U02177,1,472.28,472.28,1,9,1,4.74,35,1,3,Premium Specialists
U02178,1,0.0,0.0,1,2,2,3.93,21,0,2,Budget Learners
U02179,2,0.0,0.0,2,8,0,2.705,27,0,2,Budget Learners
U02180,4,0.0,0.0,4,1,0,2.27,31,0,2,Budget Learners
U02181,2,342.61,171.305,2,5,1,3.49,27,0,2,Budget Learners
U02182,2,0.0,0.0,2,1,0,2.8,29,1,0,Casual Learners
U02183,1,117.68,117.68,1,3,0,2.57,19,1,0,Casual Learners
U02184,2,177.34,88.67,2,3,0,3.77,20,0,2,Budget Learners
U02185,2,0.0,0.0,2,4,1,4.585,16,1,0,Casual Learners
U02186,4,363.90999999999997,90.97749999999999,4,1,2,2.665,29,1,0,Casual Learners
U02187,2,57.32,28.66,2,7,0,4.735,21,1,0,Casual Learners
U02188,1,0.0,0.0,1,9,1,1.28,17,0,2,Budget Learners
U02189,1,0.0,0.0,1,2,1,4.94,18,1,0,Casual Learners
U02190,4,453.4,113.35,3,11,2,2.835,19,1,0,Casual Learners
U02191,4,37.89,9.4725,2,9,1,2.3275,24,1,0,Casual Learners
U02192,2,0.0,0.0,2,7,0,3.37,22,0,2,Budget Learners
U02193,2,0.0,0.0,2,2,1,4.69,20,1,0,Casual Learners
U02194,2,790.47,395.235,2,0,1,4.145,18,1,3,Premium Specialists
U02195,1,0.0,0.0,1,1,0,2.0,27,0,2,Budget Learners
U02196,1,248.1,248.1,1,0,1,1.2,31,0,3,Premium Specialists
U02197,2,0.0,0.0,2,7,0,4.76,24,0,2,Budget Learners
U02198,2,0.0,0.0,1,7,0,1.77,17,0,2,Budget Learners
U02199,12,841.2900000000001,70.1075,6,6,0,2.9525,27,1,1,Explorer Learners
U02200,2,618.98,309.49,2,4,0,3.7800000000000002,23,1,3,Premium Specialists
U02201,1,326.02,326.02,1,1,2,2.69,20,1,3,Premium Specialists
U02202,1,0.0,0.0,1,7,2,4.73,28,1,0,Casual Learners
U02203,1,0.0,0.0,1,2,1,4.94,31,0,2,Budget Learners
U02204,1,327.99,327.99,1,10,1,1.51,16,0,3,Premium Specialists
U02205,1,0.0,0.0,1,3,1,3.65,34,0,2,Budget Learners
U02206,3,0.0,0.0,2,3,2,3.5866666666666664,31,1,0,Casual Learners
U02207,1,0.0,0.0,1,1,0,2.0,33,0,2,Budget Learners
U02208,2,327.99,163.995,2,8,0,2.245,30,1,0,Casual Learners
U02209,1,0.0,0.0,1,11,1,2.2,24,1,0,Casual Learners
U02210,1,0.0,0.0,1,8,0,4.79,33,1,0,Casual Learners
U02211,1,0.0,0.0,1,8,2,4.11,23,1,0,Casual Learners
U02212,15,1164.95,77.66333333333334,10,3,1,2.9093333333333335,33,1,1,Explorer Learners
U02213,1,342.61,342.61,1,10,2,4.84,17,1,3,Premium Specialists
U02214,4,322.94,80.735,4,1,1,2.6975000000000002,20,0,2,Budget Learners
U02215,11,595.5899999999999,54.144545454545444,10,6,0,3.1072727272727274,32,1,1,Explorer Learners
U02216,2,89.59,44.795,2,0,0,2.915,26,0,2,Budget Learners
U02217,14,722.87,51.63357142857143,9,1,0,2.8850000000000002,21,1,1,Explorer Learners
U02218,1,0.0,0.0,1,8,0,2.98,17,1,0,Casual Learners
U02219,1,0.0,0.0,1,9,2,2.43,29,1,0,Casual Learners
U02220,1,472.28,472.28,1,9,1,4.74,30,1,3,Premium Specialists
U02221,1,0.0,0.0,1,8,2,4.72,19,0,2,Budget Learners
U02222,1,394.26,394.26,1,2,2,1.35,23,1,3,Premium Specialists
U02223,1,0.0,0.0,1,6,1,4.14,22,0,2,Budget Learners
U02224,13,772.15,59.396153846153844,9,0,0,2.778461538461538,18,0,1,Explorer Learners
U02225,2,119.04,59.52,2,2,2,2.33,33,0,2,Budget Learners
U02226,2,490.9,245.45,2,0,0,3.035,20,0,3,Premium Specialists
U02227,1,394.26,394.26,1,2,2,1.35,21,0,3,Premium Specialists
U02228,2,0.0,0.0,2,6,1,3.9749999999999996,19,1,0,Casual Learners
U02229,2,0.0,0.0,2,2,1,2.88,34,0,2,Budget Learners
U02230,1,0.0,0.0,1,6,2,4.1,32,0,2,Budget Learners
U02231,13,817.99,62.92230769230769,10,3,1,3.338461538461538,20,1,1,Explorer Learners
U02232,1,0.0,0.0,1,4,0,1.52,26,0,2,Budget Learners
U02233,2,299.57,149.785,2,3,1,4.09,28,1,0,Casual Learners
U02234,1,0.0,0.0,1,6,0,1.59,31,0,2,Budget Learners
U02235,2,337.46,168.73,2,3,0,2.52,15,0,2,Budget Learners
U02236,1,0.0,0.0,1,7,2,1.73,24,0,2,Budget Learners
U02237,1,0.0,0.0,1,2,1,4.94,16,1,0,Casual Learners
U02238,1,0.0,0.0,1,1,0,3.15,19,0,2,Budget Learners
U02239,1,0.0,0.0,1,4,0,4.45,25,0,2,Budget Learners
U02240,1,0.0,0.0,1,9,1,3.85,33,0,2,Budget Learners
U02241,2,301.96,150.98,2,0,1,1.835,29,1,3,Premium Specialists
U02242,1,0.0,0.0,1,5,1,4.44,29,0,2,Budget Learners
U02243,1,0.0,0.0,1,8,2,4.11,16,0,2,Budget Learners
U02244,1,57.32,57.32,1,11,0,4.74,34,1,0,Casual Learners
U02245,1,472.28,472.28,1,9,1,4.74,22,1,3,Premium Specialists
U02246,1,89.59,89.59,1,0,2,2.68,15,0,2,Budget Learners
U02247,1,212.39,212.39,1,5,0,3.15,15,0,2,Budget Learners
U02248,14,1251.85,89.41785714285713,10,3,1,2.8449999999999998,29,1,1,Explorer Learners
U02249,2,117.68,58.84,2,3,0,2.59,25,0,2,Budget Learners
U02250,13,1422.4,109.41538461538462,8,8,0,3.303076923076923,19,0,1,Explorer Learners
U02251,1,0.0,0.0,1,1,0,3.15,35,1,0,Casual Learners
U02252,2,0.0,0.0,2,4,0,2.6399999999999997,29,0,2,Budget Learners
U02253,1,0.0,0.0,1,8,0,2.01,22,0,2,Budget Learners
U02254,15,860.5699999999999,57.37133333333333,11,1,2,2.8579999999999997,17,0,1,Explorer Learners
U02255,2,89.59,44.795,1,0,1,3.16,18,0,2,Budget Learners
U02256,1,0.0,0.0,1,2,0,2.38,16,0,2,Budget Learners
U02257,1,0.0,0.0,1,3,2,3.6,19,0,2,Budget Learners
U02258,16,1617.15,101.071875,10,1,0,3.14,21,1,1,Explorer Learners
U02259,2,119.04,59.52,2,1,0,2.95,32,0,2,Budget Learners
U02260,1,346.71,346.71,1,10,0,1.23,16,0,3,Premium Specialists
U02261,1,0.0,0.0,1,9,1,1.28,26,1,0,Casual Learners
U02262,3,0.0,0.0,3,3,1,3.61,31,0,2,Budget Learners
U02263,1,346.71,346.71,1,10,0,1.23,29,0,3,Premium Specialists
U02264,2,415.51,207.755,2,0,1,2.195,28,0,3,Premium Specialists
U02265,2,394.26,197.13,2,2,1,1.745,33,1,3,Premium Specialists
U02266,1,490.9,490.9,1,0,1,4.55,21,1,3,Premium Specialists
U02267,1,0.0,0.0,1,2,2,3.93,19,1,0,Casual Learners
U02268,2,0.0,0.0,2,3,0,2.305,29,0,2,Budget Learners
U02269,1,0.0,0.0,1,5,2,4.66,32,1,0,Casual Learners
U02270,3,487.92,162.64000000000001,3,1,0,3.313333333333333,21,1,0,Casual Learners
U02271,2,57.32,28.66,2,4,0,4.595000000000001,20,1,0,Casual Learners
U02272,1,0.0,0.0,1,2,0,2.38,23,0,2,Budget Learners
U02273,1,0.0,0.0,1,8,0,4.79,28,1,0,Casual Learners
U02274,2,177.34,88.67,2,4,0,4.17,16,1,0,Casual Learners
U02275,2,0.0,0.0,2,5,0,4.725,23,0,2,Budget Learners
U02276,1,0.0,0.0,1,6,0,1.59,34,0,2,Budget Learners
U02277,1,0.0,0.0,1,2,2,3.93,28,1,0,Casual Learners
U02278,1,0.0,0.0,1,8,0,2.01,20,1,0,Casual Learners
U02279,1,0.0,0.0,1,11,1,2.2,29,0,2,Budget Learners
U02280,2,415.51,207.755,2,0,1,3.7750000000000004,26,0,3,Premium Specialists
U02281,1,276.37,276.37,1,4,0,2.72,34,1,3,Premium Specialists
U02282,1,0.0,0.0,1,4,0,2.61,25,0,2,Budget Learners
U02283,1,0.0,0.0,1,5,1,2.14,16,1,0,Casual Learners
U02284,13,1127.8899999999999,86.76076923076923,8,11,1,3.0453846153846156,28,1,1,Explorer Learners
U02285,2,177.34,88.67,2,5,0,3.385,28,0,2,Budget Learners
U02286,1,326.02,326.02,1,1,2,2.69,32,0,3,Premium Specialists
U02287,1,212.39,212.39,1,5,0,3.15,22,1,0,Casual Learners
U02288,15,1437.73,95.84866666666667,10,2,0,3.0020000000000002,32,0,1,Explorer Learners
U02289,1,0.0,0.0,1,1,0,2.0,15,1,0,Casual Learners
U02290,15,1052.32,70.15466666666666,10,8,0,3.046666666666667,25,1,1,Explorer Learners
U02291,2,57.32,28.66,2,8,0,4.765000000000001,31,0,2,Budget Learners
U02292,1,0.0,0.0,1,4,0,1.52,30,1,0,Casual Learners
U02293,1,487.92,487.92,1,1,0,3.64,30,0,3,Premium Specialists
U02294,1,53.86,53.86,1,6,1,2.47,26,1,0,Casual Learners
U02295,1,0.0,0.0,1,3,1,3.65,33,1,0,Casual Learners
U02296,1,342.61,342.61,1,10,2,4.84,27,0,3,Premium Specialists
U02297,1,472.28,472.28,1,9,1,4.74,28,1,3,Premium Specialists
U02298,1,119.04,119.04,1,6,2,2.75,22,0,2,Budget Learners
U02299,2,0.0,0.0,2,2,1,4.13,35,0,2,Budget Learners
U02300,15,1511.0,100.73333333333333,9,4,1,2.9766666666666666,35,1,1,Explorer Learners
U02301,13,547.67,42.128461538461536,8,3,1,3.4353846153846157,18,0,1,Explorer Learners
U02302,2,285.05,142.525,2,1,1,1.935,30,1,0,Casual Learners
U02303,1,0.0,0.0,1,2,1,4.94,34,1,0,Casual Learners
U02304,1,0.0,0.0,1,9,1,1.28,21,1,0,Casual Learners
U02305,1,342.61,342.61,1,10,2,4.84,19,0,3,Premium Specialists
U02306,13,1824.4,140.33846153846156,9,1,1,3.303076923076923,18,0,1,Explorer Learners
U02307,1,248.1,248.1,1,0,1,1.2,22,1,3,Premium Specialists
U02308,1,0.0,0.0,1,8,0,2.98,15,0,2,Budget Learners
U02309,3,95.21000000000001,31.736666666666668,2,11,0,2.5433333333333334,23,0,2,Budget Learners
U02310,1,0.78,0.78,1,7,0,3.89,15,1,0,Casual Learners
U02311,3,117.68,39.22666666666667,2,3,2,3.426666666666667,23,0,2,Budget Learners
U02312,1,0.0,0.0,1,2,2,3.93,28,1,0,Casual Learners
U02313,1,0.0,0.0,1,4,0,2.61,24,0,2,Budget Learners
U02314,1,177.34,177.34,1,5,0,3.89,29,1,0,Casual Learners
U02315,14,888.7900000000001,63.48500000000001,8,6,1,3.3264285714285715,34,1,1,Explorer Learners
U02316,2,415.61,207.805,2,0,2,2.685,31,0,3,Premium Specialists
U02317,2,57.32,28.66,2,8,0,3.375,18,1,0,Casual Learners
U02318,1,285.05,285.05,1,1,1,1.96,24,0,3,Premium Specialists
U02319,1,248.1,248.1,1,0,1,1.2,24,0,3,Premium Specialists
U02320,3,212.39,70.79666666666667,3,5,0,2.73,17,1,0,Casual Learners
U02321,2,589.96,294.98,2,3,0,3.6550000000000002,26,0,3,Premium Specialists
U02322,1,0.0,0.0,1,2,2,1.91,28,0,2,Budget Learners
U02323,1,37.89,37.89,1,11,0,1.3,29,0,2,Budget Learners
U02324,3,326.02,108.67333333333333,3,1,2,2.7733333333333334,34,0,2,Budget Learners
U02325,1,177.34,177.34,1,5,0,3.89,15,1,0,Casual Learners
U02326,2,580.49,290.245,1,0,1,3.615,32,1,3,Premium Specialists
U02327,1,0.0,0.0,1,3,1,3.65,29,1,0,Casual Learners
U02328,3,415.51,138.50333333333333,3,0,2,3.276666666666667,22,0,2,Budget Learners
U02329,1,0.0,0.0,1,8,2,4.11,35,1,0,Casual Learners
U02330,1,0.0,0.0,1,11,1,3.32,29,0,2,Budget Learners
U02331,2,0.0,0.0,2,4,0,1.325,25,0,2,Budget Learners
U02332,2,277.15,138.575,2,4,0,3.305,23,1,0,Casual Learners
U02333,3,415.51,138.50333333333333,3,0,0,3.2099999999999995,32,0,2,Budget Learners
U02334,2,0.78,0.39,2,7,0,4.34,23,0,2,Budget Learners
U02335,1,0.78,0.78,1,7,0,3.89,25,0,2,Budget Learners
U02336,14,1228.1100000000001,87.72214285714287,9,6,2,2.6392857142857147,17,0,1,Explorer Learners
U02337,13,1676.03,128.92538461538462,6,1,1,2.924615384615384,18,0,1,Explorer Learners
U02338,1,0.0,0.0,1,6,2,4.1,29,0,2,Budget Learners
U02339,1,285.05,285.05,1,1,1,1.96,33,0,3,Premium Specialists
U02340,2,37.89,18.945,2,7,0,3.015,20,1,0,Casual Learners
U02341,13,957.45,73.65,9,0,1,3.5846153846153848,17,1,1,Explorer Learners
U02342,2,89.59,44.795,2,0,0,2.245,21,1,0,Casual Learners
U02343,4,559.88,139.97,3,7,0,2.35,29,1,0,Casual Learners
U02344,14,1335.99,95.42785714285715,9,0,1,3.0100000000000002,26,1,1,Explorer Learners
U02345,13,1047.8,80.6,8,7,0,3.1500000000000004,31,1,1,Explorer Learners
U02346,1,394.26,394.26,1,2,2,1.35,34,1,3,Premium Specialists
U02347,1,0.0,0.0,1,2,2,3.93,27,1,0,Casual Learners
U02348,1,0.0,0.0,1,2,2,1.91,20,1,0,Casual Learners
U02349,14,1028.3,73.45,9,5,1,3.3842857142857143,27,1,1,Explorer Learners
U02350,2,295.02,147.51,2,3,0,3.23,31,0,2,Budget Learners
U02351,2,0.0,0.0,2,6,1,3.17,22,0,2,Budget Learners
U02352,3,299.57,99.85666666666667,2,3,2,3.6199999999999997,30,0,2,Budget Learners
U02353,1,0.0,0.0,1,5,1,4.44,16,1,0,Casual Learners
U02354,1,487.92,487.92,1,1,0,3.64,29,0,3,Premium Specialists
U02355,1,119.04,119.04,1,6,2,2.75,32,0,2,Budget Learners
U02356,1,0.0,0.0,1,6,0,1.59,35,1,0,Casual Learners
U02357,2,0.0,0.0,2,1,0,2.79,28,0,2,Budget Learners
U02358,4,1066.84,266.71,4,0,0,3.205,22,1,3,Premium Specialists
U02359,2,0.0,0.0,2,3,1,2.58,32,0,2,Budget Learners
U02360,1,0.0,0.0,1,6,0,1.59,18,0,2,Budget Learners
U02361,2,327.99,163.995,2,3,1,2.265,26,0,2,Budget Learners
U02362,1,0.0,0.0,1,4,0,1.52,33,0,2,Budget Learners
U02363,1,487.92,487.92,1,1,0,3.64,15,1,3,Premium Specialists
U02364,1,299.57,299.57,1,3,1,3.74,29,0,3,Premium Specialists
U02365,1,0.0,0.0,1,3,2,3.02,34,0,2,Budget Learners
U02366,1,0.0,0.0,1,8,2,4.72,19,0,2,Budget Learners
U02367,1,0.0,0.0,1,1,0,3.15,25,1,0,Casual Learners
U02368,4,451.37,112.8425,4,3,0,3.2525,31,1,0,Casual Learners
U02369,2,0.0,0.0,2,5,0,3.465,16,1,0,Casual Learners
U02370,14,1092.76,78.05428571428571,11,1,2,3.1721428571428576,24,1,1,Explorer Learners
U02371,12,1569.7,130.80833333333334,8,0,0,2.8333333333333335,34,0,1,Explorer Learners
U02372,3,0.0,0.0,3,2,2,4.4,35,1,0,Casual Learners
U02373,2,487.92,243.96,2,1,0,3.62,22,1,3,Premium Specialists
U02374,3,0.78,0.26,2,7,0,4.3566666666666665,22,1,0,Casual Learners
U02375,1,276.37,276.37,1,4,0,2.72,33,0,3,Premium Specialists
U02376,1,0.0,0.0,1,4,0,2.61,19,0,2,Budget Learners
U02377,2,0.0,0.0,2,1,0,3.795,35,1,0,Casual Learners
U02378,1,0.0,0.0,1,5,2,4.66,23,1,0,Casual Learners
U02379,2,0.0,0.0,2,1,0,3.065,20,1,0,Casual Learners
U02380,3,720.28,240.09333333333333,3,1,2,2.453333333333333,24,0,3,Premium Specialists
U02381,1,415.51,415.51,1,0,2,3.11,31,0,3,Premium Specialists
U02382,1,490.9,490.9,1,0,1,4.55,32,1,3,Premium Specialists
U02383,1,0.0,0.0,1,8,2,4.72,21,1,0,Casual Learners
U02384,3,119.04,39.68,3,0,1,2.5066666666666664,22,1,0,Casual Learners
U02385,1,0.0,0.0,1,2,1,4.94,30,1,0,Casual Learners
U02386,4,299.57,74.8925,4,3,1,4.2075,35,1,0,Casual Learners
U02387,1,0.0,0.0,1,4,0,1.52,31,1,0,Casual Learners
U02388,1,346.71,346.71,1,10,0,1.23,23,1,3,Premium Specialists
U02389,2,177.34,88.67,2,1,0,3.52,33,1,0,Casual Learners
U02390,2,472.28,236.14,1,9,1,3.585,28,0,3,Premium Specialists
U02391,1,0.0,0.0,1,2,0,2.38,20,0,2,Budget Learners
U02392,2,212.39,106.195,2,5,0,3.3,21,1,0,Casual Learners
U02393,1,0.0,0.0,1,11,1,3.32,18,1,0,Casual Learners
U02394,1,299.57,299.57,1,3,1,3.74,35,1,3,Premium Specialists
U02395,3,0.0,0.0,3,2,1,4.3500000000000005,32,0,2,Budget Learners
U02396,1,212.39,212.39,1,5,0,3.15,16,0,2,Budget Learners
U02397,1,0.0,0.0,1,9,1,3.85,22,1,0,Casual Learners
U02398,2,248.88,124.44,2,0,0,2.545,26,0,2,Budget Learners
U02399,1,0.0,0.0,1,8,0,2.01,22,1,0,Casual Learners
U02400,1,0.0,0.0,1,5,2,4.66,17,1,0,Casual Learners
U02401,1,490.9,490.9,1,0,1,4.55,28,1,3,Premium Specialists
U02402,1,0.0,0.0,1,1,0,3.15,19,0,2,Budget Learners
U02403,1,0.0,0.0,1,2,0,2.38,18,0,2,Budget Learners
U02404,2,53.86,26.93,2,6,1,3.575,28,1,0,Casual Learners
U02405,1,0.0,0.0,1,11,1,3.32,25,0,2,Budget Learners
U02406,2,314.26,157.13,2,4,0,2.0100000000000002,23,0,2,Budget Learners
U02407,2,0.0,0.0,2,2,1,4.3950000000000005,27,1,0,Casual Learners
U02408,1,0.0,0.0,1,7,1,1.13,34,0,2,Budget Learners
U02409,1,0.0,0.0,1,7,2,1.73,24,0,2,Budget Learners
U02410,12,1444.1200000000001,120.34333333333335,10,5,0,3.4416666666666664,18,1,1,Explorer Learners
U02411,1,37.89,37.89,1,11,0,1.3,31,0,2,Budget Learners
U02412,1,0.0,0.0,1,8,0,2.98,15,0,2,Budget Learners
U02413,2,0.0,0.0,2,6,0,4.445,25,1,0,Casual Learners
U02414,3,472.28,157.42666666666665,2,9,1,4.2299999999999995,21,1,0,Casual Learners
U02415,11,1568.1699999999998,142.56090909090906,7,0,1,2.9454545454545453,33,1,1,Explorer Learners
U02416,1,0.0,0.0,1,4,0,4.45,24,0,2,Budget Learners
U02417,1,0.0,0.0,1,8,0,2.01,34,0,2,Budget Learners
U02418,1,0.0,0.0,1,7,2,1.73,23,1,0,Casual Learners
U02419,1,0.0,0.0,1,3,2,3.02,17,0,2,Budget Learners
U02420,1,0.0,0.0,1,8,2,4.11,20,0,2,Budget Learners
U02421,1,0.0,0.0,1,6,2,4.1,15,0,2,Budget Learners
U02422,1,57.32,57.32,1,11,0,4.74,21,0,2,Budget Learners
U02423,2,445.67,222.835,2,3,0,2.04,32,0,3,Premium Specialists
U02424,1,0.0,0.0,1,7,2,4.73,31,0,2,Budget Learners
U02425,2,0.0,0.0,2,0,1,4.075,24,0,2,Budget Learners
U02426,1,299.57,299.57,1,3,1,3.74,19,0,3,Premium Specialists
U02427,15,893.0,59.53333333333333,9,11,0,3.372,31,0,1,Explorer Learners
U02428,2,548.22,274.11,2,0,0,4.645,30,1,3,Premium Specialists
U02429,3,0.0,0.0,2,9,1,2.0233333333333334,30,0,2,Budget Learners
U02430,1,0.0,0.0,1,11,1,3.32,29,1,0,Casual Learners
U02431,1,327.99,327.99,1,10,1,1.51,16,1,3,Premium Specialists
U02432,15,1593.46,106.23066666666666,10,3,1,2.9373333333333336,30,0,1,Explorer Learners
U02433,1,117.68,117.68,1,3,0,2.57,15,0,2,Budget Learners
U02434,1,0.0,0.0,1,9,1,3.85,31,1,0,Casual Learners
U02435,1,487.92,487.92,1,1,0,3.64,17,1,3,Premium Specialists
U02436,3,445.67,148.55666666666667,3,3,1,2.4666666666666663,16,1,0,Casual Learners
U02437,1,0.0,0.0,1,8,0,2.98,15,1,0,Casual Learners
U02438,1,0.0,0.0,1,2,0,2.38,28,0,2,Budget Learners
U02439,1,276.37,276.37,1,4,0,2.72,22,0,3,Premium Specialists
U02440,1,0.0,0.0,1,8,2,4.11,26,0,2,Budget Learners
U02441,1,0.0,0.0,1,5,1,4.44,33,1,0,Casual Learners
U02442,1,0.0,0.0,1,6,2,4.1,23,1,0,Casual Learners
U02443,2,95.21000000000001,47.605000000000004,1,11,0,3.02,22,0,2,Budget Learners
U02444,1,0.0,0.0,1,2,2,1.91,28,0,2,Budget Learners
U02445,14,1507.12,107.65142857142857,10,7,2,2.71,26,0,1,Explorer Learners
U02446,2,490.9,245.45,2,0,1,3.9349999999999996,29,1,3,Premium Specialists
U02447,1,0.0,0.0,1,4,0,4.45,31,0,2,Budget Learners
U02448,2,0.0,0.0,2,4,0,2.8099999999999996,17,1,0,Casual Learners
U02449,1,285.05,285.05,1,1,1,1.96,32,1,3,Premium Specialists
U02450,1,0.0,0.0,1,7,2,1.73,30,0,2,Budget Learners
U02451,2,0.0,0.0,2,8,0,3.035,31,1,0,Casual Learners
U02452,2,0.0,0.0,2,4,0,2.865,23,0,2,Budget Learners
U02453,1,212.39,212.39,1,5,0,3.15,29,0,2,Budget Learners
U02454,2,0.0,0.0,2,1,0,2.335,28,1,0,Casual Learners
U02455,1,0.0,0.0,1,1,0,2.0,34,1,0,Casual Learners
U02456,1,0.0,0.0,1,2,2,3.93,35,1,0,Casual Learners
U02457,1,0.0,0.0,1,3,2,3.02,31,0,2,Budget Learners
U02458,2,443.7,221.85,2,1,0,2.63,26,0,3,Premium Specialists
U02459,12,625.46,52.12166666666667,9,4,1,3.0966666666666662,33,1,1,Explorer Learners
U02460,1,0.0,0.0,1,2,0,2.38,21,0,2,Budget Learners
U02461,2,0.0,0.0,2,1,0,2.7649999999999997,15,0,2,Budget Learners
U02462,1,327.99,327.99,1,10,1,1.51,26,1,3,Premium Specialists
U02463,1,0.0,0.0,1,10,1,4.68,29,1,0,Casual Learners
U02464,1,0.0,0.0,1,9,1,3.85,21,0,2,Budget Learners
U02465,2,0.0,0.0,2,4,1,3.695,27,1,0,Casual Learners
U02466,4,365.96000000000004,91.49000000000001,4,0,2,3.285,23,1,0,Casual Learners
U02467,1,0.0,0.0,1,5,1,2.14,19,1,0,Casual Learners
U02468,3,0.0,0.0,3,3,2,4.346666666666667,29,0,2,Budget Learners
U02469,2,0.0,0.0,2,9,1,2.3,21,1,0,Casual Learners
U02470,13,734.32,56.48615384615385,7,4,0,2.6907692307692312,34,1,1,Explorer Learners
U02471,1,326.02,326.02,1,1,2,2.69,16,0,3,Premium Specialists
U02472,1,0.0,0.0,1,6,1,4.14,17,1,0,Casual Learners
U02473,1,0.0,0.0,1,2,1,4.94,31,0,2,Budget Learners
U02474,1,0.0,0.0,1,7,2,1.73,27,1,0,Casual Learners
U02475,1,0.0,0.0,1,8,2,4.72,35,1,0,Casual Learners
U02476,1,0.0,0.0,1,2,0,2.38,34,0,2,Budget Learners
U02477,1,342.61,342.61,1,10,2,4.84,17,1,3,Premium Specialists
U02478,2,490.9,245.45,2,0,1,4.24,30,1,3,Premium Specialists
U02479,4,285.05,71.2625,4,1,1,2.9475000000000002,19,0,2,Budget Learners
U02480,1,0.0,0.0,1,5,2,4.66,35,1,0,Casual Learners
U02481,1,0.0,0.0,1,8,0,2.98,29,1,0,Casual Learners
U02482,2,0.0,0.0,2,0,0,2.725,35,1,0,Casual Learners
U02483,1,0.0,0.0,1,2,1,4.94,25,1,0,Casual Learners
U02484,4,285.05,71.2625,4,1,1,2.045,25,0,2,Budget Learners
U02485,14,621.35,44.38214285714286,8,8,0,3.3614285714285717,22,1,1,Explorer Learners
U02486,2,177.34,88.67,1,5,0,4.275,29,1,0,Casual Learners
U02487,1,0.0,0.0,1,8,0,2.98,23,1,0,Casual Learners
U02488,1,0.0,0.0,1,3,2,3.02,27,0,2,Budget Learners
U02489,1,0.0,0.0,1,3,1,3.65,18,1,0,Casual Learners
U02490,13,0.78,0.060000000000000005,8,3,1,3.7130769230769234,24,0,1,Explorer Learners
U02491,1,0.0,0.0,1,6,1,4.14,17,0,2,Budget Learners
U02492,1,0.0,0.0,1,2,2,3.93,19,1,0,Casual Learners
U02493,1,0.0,0.0,1,2,2,1.91,22,0,2,Budget Learners
U02494,1,0.0,0.0,1,7,2,1.73,32,1,0,Casual Learners
U02495,2,89.59,44.795,2,0,1,3.5600000000000005,28,1,0,Casual Learners
U02496,1,0.0,0.0,1,4,0,1.52,33,0,2,Budget Learners
U02497,2,0.0,0.0,2,2,0,2.8499999999999996,26,0,2,Budget Learners
U02498,1,0.0,0.0,1,9,1,1.28,20,0,2,Budget Learners
U02499,1,0.0,0.0,1,11,0,2.67,28,1,0,Casual Learners
U02500,1,0.0,0.0,1,8,2,4.11,29,1,0,Casual Learners
U02501,1,0.0,0.0,1,10,2,3.45,16,0,2,Budget Learners
U02502,1,0.0,0.0,1,1,0,2.0,16,0,2,Budget Learners
U02503,2,0.0,0.0,2,2,0,2.725,16,0,2,Budget Learners
U02504,4,326.02,81.505,3,1,0,3.0225,34,0,2,Budget Learners
U02505,1,248.1,248.1,1,0,1,1.2,35,0,3,Premium Specialists
U02506,1,285.05,285.05,1,1,1,1.96,16,0,3,Premium Specialists
U02507,1,0.0,0.0,1,2,0,2.38,32,0,2,Budget Learners
U02508,1,0.0,0.0,1,4,1,4.51,32,1,0,Casual Learners
U02509,3,0.78,0.26,3,1,0,3.1633333333333336,24,1,0,Casual Learners
U02510,2,0.0,0.0,2,9,1,3.78,23,1,0,Casual Learners
U02511,1,0.0,0.0,1,9,2,2.43,30,0,2,Budget Learners
U02512,14,934.95,66.78214285714286,8,10,2,3.1221428571428573,15,0,1,Explorer Learners
U02513,1,472.28,472.28,1,9,1,4.74,23,1,3,Premium Specialists
U02514,2,0.0,0.0,2,0,0,4.045,17,1,0,Casual Learners
U02515,11,996.46,90.58727272727273,8,2,1,3.016363636363636,15,1,1,Explorer Learners
U02516,1,0.0,0.0,1,8,0,2.98,32,1,0,Casual Learners
U02517,2,464.39,232.195,2,3,0,1.9,30,0,3,Premium Specialists
U02518,1,0.0,0.0,1,9,2,2.43,19,0,2,Budget Learners
U02519,2,89.59,44.795,2,0,1,3.165,29,1,0,Casual Learners
U02520,1,0.0,0.0,1,0,1,3.64,29,1,0,Casual Learners
U02521,4,89.59,22.3975,4,0,2,4.135,25,1,0,Casual Learners
U02522,1,117.68,117.68,1,3,0,2.57,21,0,2,Budget Learners
U02523,1,0.0,0.0,1,6,0,1.59,31,1,0,Casual Learners
U02524,1,0.0,0.0,1,5,2,4.66,32,1,0,Casual Learners
U02525,1,0.0,0.0,1,7,1,1.13,25,1,0,Casual Learners
U02526,2,461.65000000000003,230.82500000000002,2,6,2,3.795,30,0,3,Premium Specialists
U02527,1,0.0,0.0,1,10,1,4.68,32,0,2,Budget Learners
U02528,1,0.0,0.0,1,6,1,4.14,35,1,0,Casual Learners
U02529,3,299.57,99.85666666666667,3,3,1,3.9500000000000006,17,0,2,Budget Learners
U02530,1,472.28,472.28,1,9,1,4.74,21,1,3,Premium Specialists
U02531,4,0.0,0.0,3,7,2,3.4800000000000004,22,0,2,Budget Learners
U02532,1,0.0,0.0,1,3,2,3.02,26,1,0,Casual Learners
U02533,1,0.0,0.0,1,9,2,2.43,18,0,2,Budget Learners
U02534,2,0.0,0.0,2,4,0,3.59,25,0,2,Budget Learners
U02535,2,327.99,163.995,2,7,1,3.12,26,0,2,Budget Learners
U02536,2,0.0,0.0,1,11,0,2.435,16,1,0,Casual Learners
U02537,12,1763.05,146.92083333333332,8,0,0,3.831666666666667,31,0,1,Explorer Learners
U02538,1,0.0,0.0,1,2,2,1.91,18,1,0,Casual Learners
U02539,2,394.26,197.13,1,2,1,3.1450000000000005,20,0,3,Premium Specialists
U02540,15,1028.3,68.55333333333333,11,0,0,3.033333333333333,33,0,1,Explorer Learners
U02541,13,1775.24,136.55692307692308,8,0,1,3.6353846153846154,18,0,1,Explorer Learners
U02542,13,815.93,62.76384615384615,7,7,0,3.233846153846154,35,0,1,Explorer Learners
U02543,1,0.0,0.0,1,0,1,3.64,28,1,0,Casual Learners
U02544,1,490.9,490.9,1,0,1,4.55,29,1,3,Premium Specialists
U02545,2,0.0,0.0,1,2,2,2.92,16,0,2,Budget Learners
U02546,1,285.05,285.05,1,1,1,1.96,27,0,3,Premium Specialists
U02547,1,0.0,0.0,1,3,2,3.6,30,0,2,Budget Learners
U02548,2,487.92,243.96,2,1,0,3.785,25,1,3,Premium Specialists
U02549,1,0.0,0.0,1,2,0,2.38,27,1,0,Casual Learners
U02550,1,327.99,327.99,1,10,1,1.51,18,1,3,Premium Specialists
U02551,1,0.0,0.0,1,11,0,2.67,25,1,0,Casual Learners
U02552,1,0.0,0.0,1,4,1,4.51,27,1,0,Casual Learners
U02553,2,487.92,243.96,2,1,0,2.775,35,0,3,Premium Specialists
U02554,1,299.57,299.57,1,3,1,3.74,32,1,3,Premium Specialists
U02555,1,0.0,0.0,1,4,1,4.51,15,1,0,Casual Learners
U02556,1,276.37,276.37,1,4,0,2.72,18,0,3,Premium Specialists
U02557,1,0.0,0.0,1,0,1,3.64,25,0,2,Budget Learners
U02558,4,0.78,0.195,4,2,2,3.6725000000000003,23,0,2,Budget Learners
U02559,1,0.0,0.0,1,4,0,4.45,33,0,2,Budget Learners
U02560,1,0.0,0.0,1,3,1,3.65,22,1,0,Casual Learners
U02561,1,0.0,0.0,1,8,2,4.72,33,1,0,Casual Learners
U02562,4,326.02,81.505,4,1,1,3.09,18,1,0,Casual Learners
U02563,1,0.0,0.0,1,2,2,3.93,27,1,0,Casual Learners
U02564,13,1558.96,119.92,8,2,1,3.1046153846153848,19,0,1,Explorer Learners
U02565,1,327.99,327.99,1,10,1,1.51,32,1,3,Premium Specialists
U02566,14,1608.62,114.90142857142857,10,9,1,3.367142857142857,30,0,1,Explorer Learners
U02567,1,0.0,0.0,1,7,0,1.81,35,1,0,Casual Learners
U02568,2,0.0,0.0,2,5,0,3.71,33,0,2,Budget Learners
U02569,1,0.0,0.0,1,4,0,1.52,35,0,2,Budget Learners
U02570,1,472.28,472.28,1,9,1,4.74,25,0,3,Premium Specialists
U02571,1,0.0,0.0,1,2,2,1.91,20,0,2,Budget Learners
U02572,1,0.0,0.0,1,4,0,2.61,33,0,2,Budget Learners
U02573,1,0.0,0.0,1,9,1,1.28,28,0,2,Budget Learners
U02574,1,346.71,346.71,1,10,0,1.23,24,1,3,Premium Specialists
U02575,2,285.05,142.525,2,1,1,1.545,30,0,2,Budget Learners
U02576,1,117.68,117.68,1,3,0,2.57,17,0,2,Budget Learners
U02577,2,285.05,142.525,2,1,1,3.035,21,0,2,Budget Learners
U02578,1,0.0,0.0,1,6,1,4.14,15,1,0,Casual Learners
U02579,1,0.0,0.0,1,8,2,4.72,28,0,2,Budget Learners
U02580,1,285.05,285.05,1,1,1,1.96,17,0,3,Premium Specialists
U02581,2,346.71,173.355,2,8,0,2.67,22,0,2,Budget Learners
U02582,15,648.64,43.242666666666665,10,2,1,3.786666666666667,23,1,1,Explorer Learners
U02583,14,759.86,54.27571428571429,10,3,1,2.8449999999999998,33,1,1,Explorer Learners
U02584,2,0.78,0.39,2,2,0,3.135,20,1,0,Casual Learners
U02585,2,465.75,232.875,2,6,0,1.99,32,1,3,Premium Specialists
U02586,1,0.0,0.0,1,0,1,3.64,23,1,0,Casual Learners
U02587,2,285.05,142.525,2,1,1,2.9050000000000002,30,1,0,Casual Learners
U02588,1,415.51,415.51,1,0,2,3.11,18,1,3,Premium Specialists
U02589,1,0.78,0.78,1,7,0,3.89,26,0,2,Budget Learners
U02590,2,248.1,124.05,2,0,1,2.93,20,1,0,Casual Learners
U02591,1,0.0,0.0,1,7,2,4.73,33,1,0,Casual Learners
U02592,2,472.28,236.14,2,2,1,4.84,15,1,3,Premium Specialists
U02593,12,1432.53,119.3775,10,2,0,3.4291666666666667,16,1,1,Explorer Learners
U02594,1,327.99,327.99,1,10,1,1.51,18,0,3,Premium Specialists
U02595,1,0.78,0.78,1,7,0,3.89,17,1,0,Casual Learners
U02596,1,212.39,212.39,1,5,0,3.15,19,0,2,Budget Learners
U02597,2,269.71,134.855,2,5,0,3.9450000000000003,17,0,2,Budget Learners
U02598,1,0.0,0.0,1,3,2,3.6,25,0,2,Budget Learners
U02599,2,436.29999999999995,218.14999999999998,2,0,0,1.955,33,0,3,Premium Specialists
U02600,3,623.0799999999999,207.6933333333333,3,2,0,2.11,17,1,3,Premium Specialists
U02601,4,0.0,0.0,4,0,1,2.9675000000000002,19,0,2,Budget Learners
U02602,13,974.75,74.98076923076923,9,2,2,3.3984615384615386,33,1,1,Explorer Learners
U02603,1,0.0,0.0,1,2,1,4.94,31,0,2,Budget Learners
U02604,1,0.0,0.0,1,3,2,3.02,16,1,0,Casual Learners
U02605,12,1083.68,90.30666666666667,7,8,0,3.4175,22,1,1,Explorer Learners
U02606,1,0.0,0.0,1,11,0,2.67,24,1,0,Casual Learners
U02607,1,0.0,0.0,1,11,1,3.32,22,1,0,Casual Learners
U02608,1,0.0,0.0,1,7,2,4.73,30,1,0,Casual Learners
U02609,2,0.0,0.0,2,2,0,1.96,15,1,0,Casual Learners
U02610,1,0.0,0.0,1,10,1,4.68,19,1,0,Casual Learners
U02611,1,0.0,0.0,1,3,2,3.02,17,0,2,Budget Learners
U02612,14,966.49,69.035,10,4,0,3.1635714285714287,22,1,1,Explorer Learners
U02613,2,177.34,88.67,2,4,0,3.25,23,0,2,Budget Learners
U02614,13,919.88,70.76,10,1,1,3.474615384615385,30,0,1,Explorer Learners
U02615,2,0.0,0.0,2,8,1,3.715,33,1,0,Casual Learners
U02616,13,1265.18,97.32153846153847,8,4,0,2.8153846153846156,19,0,1,Explorer Learners
U02617,4,490.9,122.725,4,0,2,3.515,23,0,2,Budget Learners
U02618,3,0.0,0.0,2,11,1,3.5566666666666666,23,1,0,Casual Learners
U02619,1,212.39,212.39,1,5,0,3.15,24,0,2,Budget Learners
U02620,2,37.89,18.945,2,4,0,2.905,30,0,2,Budget Learners
U02621,1,0.0,0.0,1,9,1,3.85,34,0,2,Budget Learners
U02622,1,0.0,0.0,1,2,1,4.94,32,0,2,Budget Learners
U02623,11,679.7199999999999,61.79272727272726,7,6,0,3.2609090909090908,32,0,1,Explorer Learners
U02624,3,490.9,163.63333333333333,3,0,2,3.526666666666667,16,0,3,Premium Specialists
U02625,2,0.0,0.0,2,5,0,3.71,22,0,2,Budget Learners
U02626,3,212.39,70.79666666666667,3,2,0,3.5666666666666664,21,0,2,Budget Learners
U02627,1,0.0,0.0,1,10,2,3.45,26,0,2,Budget Learners
U02628,1,285.05,285.05,1,1,1,1.96,33,0,3,Premium Specialists
U02629,1,57.32,57.32,1,11,0,4.74,35,0,2,Budget Learners
U02630,12,670.63,55.88583333333333,9,8,1,3.1425,20,1,1,Explorer Learners
U02631,1,0.0,0.0,1,3,2,3.6,23,1,0,Casual Learners
U02632,1,0.0,0.0,1,0,1,3.64,22,0,2,Budget Learners
U02633,14,1004.95,71.78214285714286,8,6,0,3.282857142857143,19,0,1,Explorer Learners
U02634,1,57.32,57.32,1,11,0,4.74,29,0,2,Budget Learners
U02635,1,0.0,0.0,1,8,0,4.79,16,1,0,Casual Learners
U02636,1,0.0,0.0,1,3,2,3.02,20,1,0,Casual Learners
U02637,2,0.78,0.39,2,3,0,3.455,28,1,0,Casual Learners
U02638,1,0.0,0.0,1,1,0,2.0,31,0,2,Budget Learners
U02639,1,212.39,212.39,1,5,0,3.15,22,0,2,Budget Learners
U02640,3,654.01,218.00333333333333,3,1,0,2.2899999999999996,34,0,3,Premium Specialists
U02641,1,0.0,0.0,1,4,0,1.52,30,1,0,Casual Learners
U02642,1,0.0,0.0,1,3,1,3.65,33,1,0,Casual Learners
U02643,15,1460.84,97.38933333333333,10,6,1,2.731333333333333,17,0,1,Explorer Learners
U02644,4,234.66,58.665,3,5,0,3.0725000000000002,23,1,0,Casual Learners
U02645,10,889.27,88.92699999999999,8,4,0,3.0759999999999996,26,0,1,Explorer Learners
U02646,2,736.02,368.01,2,0,0,2.42,26,1,3,Premium Specialists
U02647,1,0.0,0.0,1,8,0,2.01,20,0,2,Budget Learners
U02648,1,0.0,0.0,1,3,1,3.65,28,0,2,Budget Learners
U02649,1,472.28,472.28,1,9,1,4.74,34,0,3,Premium Specialists
U02650,2,248.1,124.05,2,0,1,2.94,29,0,2,Budget Learners
U02651,16,1113.95,69.621875,9,5,0,3.110625,16,0,1,Explorer Learners
U02652,1,0.0,0.0,1,7,0,1.81,15,1,0,Casual Learners
U02653,1,0.0,0.0,1,5,1,4.44,34,1,0,Casual Learners
U02654,1,415.51,415.51,1,0,2,3.11,27,1,3,Premium Specialists
U02655,1,0.0,0.0,1,9,1,3.85,32,1,0,Casual Learners
U02656,1,53.86,53.86,1,6,1,2.47,34,0,2,Budget Learners
U02657,1,177.34,177.34,1,5,0,3.89,31,1,0,Casual Learners
U02658,3,285.05,95.01666666666667,3,1,1,2.0233333333333334,30,1,0,Casual Learners
U02659,2,248.1,124.05,2,0,1,2.325,17,1,0,Casual Learners
U02660,1,0.0,0.0,1,4,0,2.61,31,0,2,Budget Learners
U02661,1,0.0,0.0,1,8,0,2.01,27,1,0,Casual Learners
U02662,2,117.68,58.84,2,3,0,3.335,32,1,0,Casual Learners
U02663,14,1017.04,72.64571428571428,8,7,1,3.1664285714285714,27,0,1,Explorer Learners
U02664,1,0.0,0.0,1,8,0,4.79,22,0,2,Budget Learners
U02665,1,37.89,37.89,1,11,0,1.3,21,0,2,Budget Learners
U02666,1,0.0,0.0,1,4,0,2.61,19,1,0,Casual Learners
U02667,1,248.1,248.1,1,0,1,1.2,22,0,3,Premium Specialists
U02668,3,57.32,19.106666666666666,3,4,0,3.8733333333333335,26,1,0,Casual Learners
U02669,2,0.0,0.0,2,5,2,4.6899999999999995,25,1,0,Casual Learners
U02670,1,0.0,0.0,1,11,0,2.67,25,0,2,Budget Learners
U02671,1,299.57,299.57,1,3,1,3.74,15,0,3,Premium Specialists
U02672,14,1012.26,72.30428571428571,9,2,1,3.3614285714285717,32,1,1,Explorer Learners
U02673,1,0.0,0.0,1,8,0,2.98,19,0,2,Budget Learners
U02674,1,0.0,0.0,1,6,2,4.1,28,0,2,Budget Learners
U02675,4,346.71,86.6775,3,9,1,1.5175,34,0,2,Budget Learners
U02676,1,394.26,394.26,1,2,2,1.35,15,1,3,Premium Specialists
U02677,3,490.9,163.63333333333333,3,0,0,3.073333333333333,33,1,0,Casual Learners
U02678,1,0.0,0.0,1,7,1,1.13,19,0,2,Budget Learners
U02679,11,1043.46,94.86,8,1,0,3.03,18,1,1,Explorer Learners
U02680,1,0.0,0.0,1,10,2,3.45,19,0,2,Budget Learners
U02681,1,0.0,0.0,1,4,0,1.52,33,1,0,Casual Learners
U02682,1,53.86,53.86,1,6,1,2.47,35,0,2,Budget Learners
U02683,15,2578.46,171.89733333333334,10,0,0,2.929333333333333,28,1,1,Explorer Learners
U02684,14,2747.3,196.2357142857143,9,5,0,3.2064285714285714,28,1,1,Explorer Learners
U02685,1,487.92,487.92,1,1,0,3.64,27,0,3,Premium Specialists
U02686,4,814.89,203.7225,3,9,1,3.95,19,0,2,Budget Learners
U02687,1,212.39,212.39,1,5,0,3.15,34,1,0,Casual Learners
U02688,1,0.0,0.0,1,6,1,4.14,26,0,2,Budget Learners
U02689,1,0.0,0.0,1,5,1,4.44,27,1,0,Casual Learners
U02690,4,394.26,98.565,2,2,1,2.2875,24,1,0,Casual Learners
U02691,1,0.0,0.0,1,9,1,3.85,19,0,2,Budget Learners
U02692,3,117.68,39.22666666666667,2,3,0,3.5400000000000005,23,1,0,Casual Learners
U02693,1,342.61,342.61,1,10,2,4.84,19,1,3,Premium Specialists
U02694,2,627.56,313.78,2,3,1,2.625,30,0,3,Premium Specialists
U02695,1,0.0,0.0,1,11,1,2.2,30,1,0,Casual Learners
U02696,2,490.9,245.45,2,0,0,3.275,25,0,3,Premium Specialists
U02697,4,437.08,109.27,4,0,0,3.1475,22,0,2,Budget Learners
U02698,12,1798.36,149.86333333333332,8,0,0,3.0658333333333334,18,0,1,Explorer Learners
U02699,1,0.0,0.0,1,8,2,4.11,16,0,2,Budget Learners
U02700,1,57.32,57.32,1,11,0,4.74,18,0,2,Budget Learners
U02701,4,425.44,106.36,4,0,0,2.95,23,0,2,Budget Learners
U02702,2,0.0,0.0,2,5,1,1.635,15,1,0,Casual Learners
U02703,1,0.0,0.0,1,7,2,1.73,30,1,0,Casual Learners
U02704,1,0.0,0.0,1,2,2,1.91,23,0,2,Budget Learners
U02705,2,394.26,197.13,2,2,0,1.98,31,1,3,Premium Specialists
U02706,1,37.89,37.89,1,11,0,1.3,21,0,2,Budget Learners
U02707,1,117.68,117.68,1,3,0,2.57,19,0,2,Budget Learners
U02708,1,472.28,472.28,1,9,1,4.74,25,1,3,Premium Specialists
U02709,12,1256.18,104.68166666666667,9,2,1,2.8633333333333333,19,0,1,Explorer Learners
U02710,1,326.02,326.02,1,1,2,2.69,23,0,3,Premium Specialists
U02711,2,0.0,0.0,2,2,1,4.525,20,1,0,Casual Learners
U02712,2,472.28,236.14,1,9,1,3.81,34,0,2,Budget Learners
U02713,1,0.0,0.0,1,5,2,4.66,32,0,2,Budget Learners
U02714,1,0.0,0.0,1,7,2,1.73,17,1,0,Casual Learners
U02715,2,0.0,0.0,2,1,0,2.215,22,1,0,Casual Learners
U02716,2,0.0,0.0,2,3,1,4.045,27,0,2,Budget Learners
U02717,1,285.05,285.05,1,1,1,1.96,31,1,3,Premium Specialists
U02718,1,0.0,0.0,1,6,2,4.1,27,1,0,Casual Learners
U02719,1,0.0,0.0,1,2,2,1.91,29,1,0,Casual Learners
U02720,1,212.39,212.39,1,5,0,3.15,22,1,0,Casual Learners
U02721,1,299.57,299.57,1,3,1,3.74,26,1,3,Premium Specialists
U02722,1,0.0,0.0,1,8,2,4.11,23,0,2,Budget Learners
U02723,1,327.99,327.99,1,10,1,1.51,25,0,3,Premium Specialists
U02724,1,0.0,0.0,1,2,2,1.91,35,1,0,Casual Learners
U02725,1,415.51,415.51,1,0,2,3.11,23,1,3,Premium Specialists
U02726,4,0.0,0.0,3,8,0,3.1825,25,0,2,Budget Learners
U02727,2,394.26,197.13,2,2,2,3.04,34,1,3,Premium Specialists
U02728,1,276.37,276.37,1,4,0,2.72,33,0,3,Premium Specialists
U02729,1,394.26,394.26,1,2,2,1.35,20,1,3,Premium Specialists
U02730,1,299.57,299.57,1,3,1,3.74,27,0,3,Premium Specialists
U02731,1,0.0,0.0,1,8,0,2.01,26,1,0,Casual Learners
U02732,1,0.0,0.0,1,6,2,4.1,26,1,0,Casual Learners
U02733,14,1498.86,107.06142857142856,9,1,1,3.737142857142857,31,1,1,Explorer Learners
U02734,1,0.0,0.0,1,4,1,4.51,15,0,2,Budget Learners
U02735,1,0.0,0.0,1,11,1,3.32,34,0,2,Budget Learners
U02736,1,212.39,212.39,1,5,0,3.15,15,1,0,Casual Learners
U02737,1,0.0,0.0,1,8,2,4.11,23,1,0,Casual Learners
U02738,1,0.0,0.0,1,8,2,4.11,16,0,2,Budget Learners
U02739,1,487.92,487.92,1,1,0,3.64,15,0,3,Premium Specialists
U02740,1,0.0,0.0,1,5,1,2.14,31,1,0,Casual Learners
U02741,1,0.0,0.0,1,9,1,2.88,18,1,0,Casual Learners
U02742,2,285.05,142.525,2,1,1,2.1950000000000003,25,0,2,Budget Learners
U02743,14,800.46,57.175714285714285,8,3,2,3.332142857142857,33,1,1,Explorer Learners
U02744,1,342.61,342.61,1,10,2,4.84,24,0,3,Premium Specialists
U02745,1,0.0,0.0,1,1,0,3.15,18,0,2,Budget Learners
U02746,3,117.68,39.22666666666667,2,3,0,2.9266666666666663,28,1,0,Casual Learners
U02747,3,53.86,17.953333333333333,3,2,1,2.8333333333333335,30,1,0,Casual Learners
U02748,2,0.0,0.0,2,0,0,2.615,27,0,2,Budget Learners
U02749,2,0.0,0.0,2,1,0,3.915,30,1,0,Casual Learners
U02750,2,57.32,28.66,2,4,0,3.675,23,0,2,Budget Learners
U02751,1,0.0,0.0,1,8,0,2.01,24,0,2,Budget Learners
U02752,1,0.0,0.0,1,5,1,4.44,32,0,2,Budget Learners
U02753,1,53.86,53.86,1,6,1,2.47,26,0,2,Budget Learners
U02754,13,888.76,68.36615384615385,9,2,0,2.439230769230769,34,1,1,Explorer Learners
U02755,1,0.0,0.0,1,6,1,4.14,30,0,2,Budget Learners
U02756,2,326.02,163.01,2,1,0,2.65,32,0,2,Budget Learners
U02757,1,415.51,415.51,1,0,2,3.11,16,1,3,Premium Specialists
U02758,2,0.0,0.0,1,3,2,3.31,25,0,2,Budget Learners
U02759,2,0.0,0.0,2,9,1,3.6500000000000004,20,0,2,Budget Learners
U02760,3,374.64000000000004,124.88000000000001,3,0,2,2.7466666666666666,31,1,0,Casual Learners
U02761,4,394.26,98.565,3,2,1,3.5625,31,0,2,Budget Learners
U02762,2,314.26,157.13,2,4,0,2.0100000000000002,21,0,2,Budget Learners
U02763,3,574.12,191.37333333333333,3,0,2,2.873333333333333,28,1,3,Premium Specialists
U02764,1,37.89,37.89,1,11,0,1.3,32,1,0,Casual Learners
U02765,1,0.0,0.0,1,4,0,4.45,21,1,0,Casual Learners
U02766,1,0.0,0.0,1,2,2,3.93,19,1,0,Casual Learners
U02767,14,1377.85,98.41785714285713,9,10,1,2.9292857142857143,31,1,1,Explorer Learners
U02768,2,472.28,236.14,2,3,1,4.17,34,0,3,Premium Specialists
U02769,3,753.2,251.0666666666667,1,0,2,2.33,19,1,3,Premium Specialists
U02770,14,1389.02,99.21571428571428,8,3,0,2.8485714285714288,31,1,1,Explorer Learners
U02771,1,0.78,0.78,1,7,0,3.89,18,0,2,Budget Learners
U02772,1,177.34,177.34,1,5,0,3.89,31,1,0,Casual Learners
U02773,1,0.0,0.0,1,3,1,3.65,26,1,0,Casual Learners
U02774,1,0.0,0.0,1,6,1,4.14,19,1,0,Casual Learners
U02775,12,1423.51,118.62583333333333,10,5,1,3.4441666666666664,24,0,1,Explorer Learners
U02776,2,0.0,0.0,2,1,0,1.6400000000000001,20,0,2,Budget Learners
U02777,1,0.0,0.0,1,9,1,1.28,27,1,0,Casual Learners
U02778,3,0.0,0.0,3,2,1,3.6300000000000003,29,1,0,Casual Learners
U02779,3,809.77,269.92333333333335,3,0,2,3.046666666666667,19,0,3,Premium Specialists
U02780,2,0.0,0.0,2,1,0,3.83,26,0,2,Budget Learners
U02781,3,700.31,233.43666666666664,3,1,0,2.9,24,0,3,Premium Specialists
U02782,1,0.0,0.0,1,6,0,1.59,25,1,0,Casual Learners
U02783,1,0.0,0.0,1,9,1,2.88,30,0,2,Budget Learners
U02784,2,248.1,124.05,2,0,0,1.935,23,1,0,Casual Learners
U02785,1,0.0,0.0,1,0,1,3.64,25,0,2,Budget Learners
U02786,12,1390.83,115.90249999999999,9,7,1,3.464166666666667,25,1,1,Explorer Learners
U02787,1,346.71,346.71,1,10,0,1.23,21,1,3,Premium Specialists
U02788,12,1273.64,106.13666666666667,9,2,2,3.6641666666666666,20,0,1,Explorer Learners
U02789,4,0.0,0.0,4,4,0,1.8675,21,1,0,Casual Learners
U02790,1,0.0,0.0,1,11,1,2.2,25,1,0,Casual Learners
U02791,13,917.89,70.60692307692308,10,4,1,3.3492307692307692,27,1,1,Explorer Learners
U02792,14,795.72,56.83714285714286,9,0,1,3.1342857142857143,27,0,1,Explorer Learners
U02793,14,1449.91,103.56500000000001,10,1,1,3.4285714285714284,22,0,1,Explorer Learners
U02794,2,342.61,171.305,2,7,2,3.285,33,0,2,Budget Learners
U02795,1,299.57,299.57,1,3,1,3.74,31,1,3,Premium Specialists
U02796,1,0.0,0.0,1,5,1,4.44,33,1,0,Casual Learners
U02797,1,0.78,0.78,1,7,0,3.89,34,1,0,Casual Learners
U02798,1,0.0,0.0,1,3,2,3.02,28,0,2,Budget Learners
U02799,1,0.0,0.0,1,8,2,4.72,17,1,0,Casual Learners
U02800,1,299.57,299.57,1,3,1,3.74,34,1,3,Premium Specialists
U02801,3,0.78,0.26,3,3,0,3.016666666666667,15,0,2,Budget Learners
U02802,1,0.0,0.0,1,2,1,4.94,15,0,2,Budget Learners
U02803,2,0.0,0.0,2,4,0,3.56,26,1,0,Casual Learners
U02804,1,0.0,0.0,1,7,2,4.73,24,1,0,Casual Learners
U02805,1,57.32,57.32,1,11,0,4.74,16,1,0,Casual Learners
U02806,1,0.0,0.0,1,2,2,3.93,28,1,0,Casual Learners
U02807,4,559.0999999999999,139.77499999999998,3,5,0,3.495,18,0,2,Budget Learners
U02808,2,0.0,0.0,1,8,0,4.45,35,1,0,Casual Learners
U02809,2,0.0,0.0,2,0,1,3.8899999999999997,32,1,0,Casual Learners
U02810,1,0.0,0.0,1,5,1,2.14,18,0,2,Budget Learners
U02811,1,0.0,0.0,1,4,0,2.61,21,1,0,Casual Learners
U02812,1,119.04,119.04,1,6,2,2.75,17,1,0,Casual Learners
U02813,1,0.0,0.0,1,2,2,1.91,27,1,0,Casual Learners
U02814,2,0.0,0.0,2,2,1,4.3950000000000005,27,0,2,Budget Learners
U02815,4,389.73,97.4325,3,5,0,2.81,15,0,2,Budget Learners
U02816,1,0.0,0.0,1,8,2,4.11,25,1,0,Casual Learners
U02817,1,0.0,0.0,1,4,0,1.52,33,1,0,Casual Learners
U02818,1,0.78,0.78,1,7,0,3.89,32,1,0,Casual Learners
U02819,2,0.0,0.0,2,7,0,3.7,20,0,2,Budget Learners
U02820,1,0.0,0.0,1,9,1,1.28,30,1,0,Casual Learners
U02821,11,1173.96,106.72363636363637,7,10,0,3.2263636363636365,27,1,1,Explorer Learners
U02822,1,0.0,0.0,1,7,2,4.73,15,1,0,Casual Learners
U02823,2,0.0,0.0,2,2,2,4.295,31,1,0,Casual Learners
U02824,1,326.02,326.02,1,1,2,2.69,28,0,3,Premium Specialists
U02825,13,1636.01,125.84692307692308,8,1,0,2.4292307692307693,34,1,1,Explorer Learners
U02826,1,0.0,0.0,1,7,1,1.13,25,1,0,Casual Learners
U02827,1,0.0,0.0,1,7,2,4.73,17,1,0,Casual Learners
U02828,2,490.9,245.45,2,0,0,3.7649999999999997,32,0,3,Premium Specialists
U02829,1,89.59,89.59,1,0,2,2.68,19,0,2,Budget Learners
U02830,1,0.0,0.0,1,11,0,2.67,34,0,2,Budget Learners
U02831,1,0.0,0.0,1,4,0,4.45,22,0,2,Budget Learners
U02832,11,0.78,0.07090909090909091,5,4,0,3.0454545454545454,31,1,0,Casual Learners
U02833,2,342.61,171.305,2,9,1,3.86,21,0,2,Budget Learners
U02834,1,0.0,0.0,1,3,1,3.65,17,1,0,Casual Learners
U02835,1,117.68,117.68,1,3,0,2.57,31,1,0,Casual Learners
U02836,1,472.28,472.28,1,9,1,4.74,17,0,3,Premium Specialists
U02837,2,0.0,0.0,2,1,0,3.795,31,1,0,Casual Learners
U02838,2,837.6099999999999,418.80499999999995,2,0,0,2.8899999999999997,35,1,3,Premium Specialists
U02839,4,0.0,0.0,4,2,0,2.4275,18,0,2,Budget Learners
U02840,1,0.0,0.0,1,5,1,4.44,29,0,2,Budget Learners
U02841,1,0.0,0.0,1,3,1,3.65,27,0,2,Budget Learners
U02842,2,490.9,245.45,2,0,0,3.275,20,0,3,Premium Specialists
U02843,14,1296.66,92.61857142857143,9,3,1,2.5885714285714285,26,1,1,Explorer Learners
U02844,12,1101.98,91.83166666666666,7,0,0,3.2266666666666666,21,0,1,Explorer Learners
U02845,1,0.0,0.0,1,4,1,4.51,22,1,0,Casual Learners
U02846,1,299.57,299.57,1,3,1,3.74,29,0,3,Premium Specialists
U02847,1,0.0,0.0,1,6,2,4.1,27,1,0,Casual Learners
U02848,1,0.0,0.0,1,2,2,3.93,23,1,0,Casual Learners
U02849,1,0.0,0.0,1,9,1,2.88,31,0,2,Budget Learners
U02850,13,993.9,76.45384615384616,10,5,2,3.116153846153846,25,0,1,Explorer Learners
U02851,1,394.26,394.26,1,2,2,1.35,30,1,3,Premium Specialists
U02852,1,0.0,0.0,1,1,0,2.0,23,1,0,Casual Learners
U02853,1,0.0,0.0,1,9,1,2.88,25,1,0,Casual Learners
U02854,1,0.0,0.0,1,1,0,2.0,28,1,0,Casual Learners
U02855,1,327.99,327.99,1,10,1,1.51,18,0,3,Premium Specialists
U02856,1,472.28,472.28,1,9,1,4.74,19,0,3,Premium Specialists
U02857,12,1001.5,83.45833333333333,7,10,2,2.6266666666666665,35,1,1,Explorer Learners
U02858,4,0.0,0.0,4,2,1,1.9925,16,0,2,Budget Learners
U02859,2,654.01,327.005,2,1,1,2.1,26,0,3,Premium Specialists
U02860,1,0.78,0.78,1,7,0,3.89,17,1,0,Casual Learners
U02861,1,346.71,346.71,1,10,0,1.23,29,1,3,Premium Specialists
U02862,2,0.0,0.0,2,8,0,2.9299999999999997,27,1,0,Casual Learners
U02863,1,0.0,0.0,1,3,1,3.65,29,1,0,Casual Learners
U02864,1,0.0,0.0,1,8,0,2.01,25,0,2,Budget Learners
U02865,1,0.0,0.0,1,1,0,2.0,35,0,2,Budget Learners
U02866,2,326.02,163.01,2,1,2,3.145,20,1,3,Premium Specialists
U02867,2,177.34,88.67,2,5,0,3.87,19,1,0,Casual Learners
U02868,2,0.0,0.0,2,2,2,1.8199999999999998,25,1,0,Casual Learners
U02869,1,0.0,0.0,1,2,1,4.94,26,0,2,Budget Learners
U02870,1,0.0,0.0,1,4,1,4.51,27,1,0,Casual Learners
U02871,1,0.0,0.0,1,2,1,4.94,19,0,2,Budget Learners
U02872,2,342.61,171.305,2,1,0,3.995,21,0,2,Budget Learners
U02873,3,53.86,17.953333333333333,3,1,0,2.64,33,0,2,Budget Learners
U02874,11,1151.3899999999999,104.67181818181817,7,11,0,3.2954545454545454,32,1,1,Explorer Learners
U02875,1,285.05,285.05,1,1,1,1.96,27,0,3,Premium Specialists
U02876,1,0.0,0.0,1,4,0,1.52,24,0,2,Budget Learners
U02877,1,0.0,0.0,1,8,2,4.72,28,1,0,Casual Learners
U02878,2,534.55,267.275,2,0,2,2.9299999999999997,23,1,3,Premium Specialists
U02879,1,0.0,0.0,1,6,1,4.14,16,0,2,Budget Learners
U02880,1,0.0,0.0,1,4,0,2.61,21,0,2,Budget Learners
U02881,4,276.37,69.0925,3,4,1,3.5225,27,1,0,Casual Learners
U02882,1,0.0,0.0,1,5,2,4.66,33,0,2,Budget Learners
U02883,12,2314.35,192.86249999999998,7,1,1,3.4725,16,0,1,Explorer Learners
U02884,3,0.78,0.26,3,3,2,4.05,31,0,2,Budget Learners
U02885,3,342.61,114.20333333333333,3,3,1,4.333333333333333,22,1,0,Casual Learners
U02886,3,89.59,29.863333333333333,3,0,0,3.5033333333333334,35,1,0,Casual Learners
U02887,4,476.90999999999997,119.22749999999999,4,2,1,3.5125,30,1,0,Casual Learners
U02888,1,117.68,117.68,1,3,0,2.57,20,1,0,Casual Learners
U02889,1,326.02,326.02,1,1,2,2.69,28,0,3,Premium Specialists
U02890,2,0.0,0.0,2,2,2,4.295,18,1,0,Casual Learners
U02891,3,702.3,234.1,2,3,1,2.7566666666666664,27,0,3,Premium Specialists
U02892,1,472.28,472.28,1,9,1,4.74,26,0,3,Premium Specialists
U02893,1,0.0,0.0,1,9,1,2.88,22,1,0,Casual Learners
U02894,1,0.0,0.0,1,8,0,2.01,15,0,2,Budget Learners
U02895,2,53.86,26.93,2,0,1,3.055,21,0,2,Budget Learners
U02896,1,0.0,0.0,1,3,2,3.6,30,1,0,Casual Learners
U02897,1,299.57,299.57,1,3,1,3.74,27,1,3,Premium Specialists
U02898,4,619.76,154.94,3,4,0,3.975,22,0,2,Budget Learners
U02899,13,327.99,25.23,8,9,1,3.2446153846153845,28,0,1,Explorer Learners
U02900,1,394.26,394.26,1,2,2,1.35,35,1,3,Premium Specialists
U02901,1,0.0,0.0,1,2,0,2.38,30,1,0,Casual Learners
U02902,2,0.0,0.0,2,2,0,2.29,27,1,0,Casual Learners
U02903,1,487.92,487.92,1,1,0,3.64,27,1,3,Premium Specialists
U02904,1,346.71,346.71,1,10,0,1.23,18,1,3,Premium Specialists
U02905,2,119.04,59.52,2,6,0,2.38,27,0,2,Budget Learners
U02906,3,591.3199999999999,197.10666666666665,2,6,1,3.8766666666666665,24,1,3,Premium Specialists
U02907,2,415.51,207.755,2,0,0,2.8899999999999997,17,0,3,Premium Specialists
U02908,1,0.0,0.0,1,9,1,2.88,34,1,0,Casual Learners
U02909,14,1205.39,86.09928571428573,9,0,1,3.4785714285714286,19,0,1,Explorer Learners
U02910,1,0.0,0.0,1,1,0,2.0,35,0,2,Budget Learners
U02911,1,490.9,490.9,1,0,1,4.55,34,0,3,Premium Specialists
U02912,2,212.39,106.195,2,5,0,2.91,27,1,0,Casual Learners
U02913,1,0.0,0.0,1,2,2,1.91,22,0,2,Budget Learners
U02914,2,57.32,28.66,2,7,0,4.735,31,0,2,Budget Learners
U02915,14,415.51,29.679285714285715,9,8,1,3.4692857142857143,33,0,1,Explorer Learners
U02916,15,2093.42,139.56133333333335,10,0,1,3.3833333333333333,20,1,1,Explorer Learners
U02917,1,487.92,487.92,1,1,0,3.64,32,0,3,Premium Specialists
U02918,2,0.0,0.0,2,5,1,2.8600000000000003,19,0,2,Budget Learners
U02919,1,0.0,0.0,1,6,0,1.59,25,1,0,Casual Learners
U02920,1,0.0,0.0,1,3,1,3.65,17,1,0,Casual Learners
U02921,1,0.0,0.0,1,2,0,2.38,16,0,2,Budget Learners
U02922,1,0.0,0.0,1,9,2,2.43,25,1,0,Casual Learners
U02923,3,818.89,272.9633333333333,2,10,1,3.17,27,1,3,Premium Specialists
U02924,1,0.0,0.0,1,6,0,1.59,21,0,2,Budget Learners
U02925,4,513.3,128.325,4,2,2,3.0375,18,0,2,Budget Learners
U02926,1,0.0,0.0,1,1,0,3.15,24,1,0,Casual Learners
U02927,15,1865.3400000000001,124.35600000000001,10,1,1,2.7213333333333334,20,1,1,Explorer Learners
U02928,1,0.0,0.0,1,6,2,4.1,26,1,0,Casual Learners
U02929,1,472.28,472.28,1,9,1,4.74,16,0,3,Premium Specialists
U02930,1,285.05,285.05,1,1,1,1.96,26,0,3,Premium Specialists
U02931,15,156.93,10.462,8,3,2,2.7606666666666664,28,0,1,Explorer Learners
U02932,1,0.0,0.0,1,11,1,3.32,17,0,2,Budget Learners
U02933,1,0.0,0.0,1,4,0,4.45,34,1,0,Casual Learners
U02934,1,299.57,299.57,1,3,1,3.74,29,0,3,Premium Specialists
U02935,2,700.56,350.28,2,0,1,2.535,25,0,3,Premium Specialists
U02936,2,0.0,0.0,2,4,0,3.665,35,0,2,Budget Learners
U02937,13,648.58,49.89076923076924,8,6,0,2.923076923076923,23,1,1,Explorer Learners
U02938,1,0.0,0.0,1,1,0,2.0,28,1,0,Casual Learners
U02939,1,0.0,0.0,1,3,2,3.6,18,0,2,Budget Learners
U02940,3,346.71,115.57,3,5,1,2.266666666666667,18,0,2,Budget Learners
U02941,12,907.5,75.625,8,5,1,3.1641666666666666,22,1,1,Explorer Learners
U02942,3,415.51,138.50333333333333,3,0,0,3.143333333333333,18,1,0,Casual Learners
U02943,1,0.0,0.0,1,8,2,4.11,19,0,2,Budget Learners
U02944,1,0.0,0.0,1,6,0,1.59,23,0,2,Budget Learners
U02945,12,1621.1599999999999,135.09666666666666,8,11,1,2.654166666666667,23,0,1,Explorer Learners
U02946,1,0.0,0.0,1,8,2,4.72,18,0,2,Budget Learners
U02947,11,912.1299999999999,82.92090909090908,9,0,1,2.8963636363636365,18,0,1,Explorer Learners
U02948,1,0.0,0.0,1,3,1,3.65,33,1,0,Casual Learners
U02949,2,787.49,393.745,2,1,0,3.6900000000000004,17,0,3,Premium Specialists
U02950,4,342.61,85.6525,3,4,0,3.4924999999999997,35,1,0,Casual Learners
U02951,1,0.0,0.0,1,2,2,3.93,28,1,0,Casual Learners
U02952,2,0.0,0.0,2,0,1,4.075,32,1,0,Casual Learners
U02953,1,285.05,285.05,1,1,1,1.96,21,1,3,Premium Specialists
U02954,2,487.92,243.96,2,1,0,3.01,35,0,3,Premium Specialists
U02955,1,57.32,57.32,1,11,0,4.74,25,1,0,Casual Learners
U02956,2,53.86,26.93,2,6,1,1.875,18,1,0,Casual Learners
U02957,1,0.0,0.0,1,2,0,2.38,31,1,0,Casual Learners
U02958,12,1338.41,111.53416666666668,7,1,0,2.9658333333333338,33,1,1,Explorer Learners
U02959,2,276.37,138.185,2,4,0,2.85,29,1,0,Casual Learners
U02960,1,299.57,299.57,1,3,1,3.74,24,1,3,Premium Specialists
U02961,1,0.0,0.0,1,3,1,3.65,25,0,2,Budget Learners
U02962,1,0.0,0.0,1,6,2,4.1,23,1,0,Casual Learners
U02963,1,0.0,0.0,1,7,2,1.73,18,0,2,Budget Learners
U02964,1,0.0,0.0,1,7,2,4.73,33,1,0,Casual Learners
U02965,1,327.99,327.99,1,10,1,1.51,16,1,3,Premium Specialists
U02966,4,0.0,0.0,4,1,0,3.52,26,0,2,Budget Learners
U02967,1,0.0,0.0,1,8,0,2.01,21,1,0,Casual Learners
U02968,2,511.96,255.98,2,3,0,3.4450000000000003,34,0,3,Premium Specialists
U02969,13,1177.78,90.59846153846154,10,1,1,2.920769230769231,18,0,1,Explorer Learners
U02970,2,90.37,45.185,2,0,0,3.285,34,1,0,Casual Learners
U02971,13,776.89,59.76076923076923,9,0,0,3.0323076923076924,20,0,1,Explorer Learners
U02972,2,580.49,290.245,1,0,1,3.615,35,1,3,Premium Specialists
U02973,1,0.0,0.0,1,7,1,1.13,28,0,2,Budget Learners
U02974,14,1206.08,86.14857142857143,9,3,1,3.391428571428571,31,0,1,Explorer Learners
U02975,1,0.0,0.0,1,0,1,3.64,22,1,0,Casual Learners
U02976,16,1526.86,95.42875,9,4,0,3.145,28,0,1,Explorer Learners
U02977,1,394.26,394.26,1,2,2,1.35,33,1,3,Premium Specialists
U02978,4,248.1,62.025,4,0,1,2.2675,18,0,2,Budget Learners
U02979,1,212.39,212.39,1,5,0,3.15,26,1,0,Casual Learners
U02980,12,804.66,67.05499999999999,8,4,1,2.9808333333333334,27,1,1,Explorer Learners
U02981,14,1177.0,84.07142857142857,9,9,0,2.7721428571428572,23,1,1,Explorer Learners
U02982,1,0.0,0.0,1,10,1,4.68,20,0,2,Budget Learners
U02983,1,0.0,0.0,1,6,2,4.1,35,0,2,Budget Learners
U02984,14,1574.03,112.43071428571429,9,10,0,3.5157142857142856,35,0,1,Explorer Learners
U02985,1,0.78,0.78,1,7,0,3.89,35,1,0,Casual Learners
U02986,2,590.71,295.355,2,0,1,3.02,16,1,3,Premium Specialists
U02987,1,0.0,0.0,1,9,1,3.85,26,1,0,Casual Learners
U02988,1,0.0,0.0,1,8,2,4.72,17,1,0,Casual Learners
U02989,11,968.91,88.08272727272727,8,2,2,3.4227272727272724,22,1,1,Explorer Learners
U02990,2,472.28,236.14,2,6,0,3.165,22,1,3,Premium Specialists
U02991,1,0.0,0.0,1,9,1,1.28,27,0,2,Budget Learners
U02992,12,1913.78,159.48166666666665,8,1,2,3.1683333333333334,24,0,1,Explorer Learners
U02993,1,0.0,0.0,1,6,0,1.59,20,0,2,Budget Learners
U02994,14,1069.44,76.38857142857144,9,1,1,2.682857142857143,31,0,1,Explorer Learners
U02995,1,37.89,37.89,1,11,0,1.3,16,1,0,Casual Learners
U02996,1,0.0,0.0,1,6,1,4.14,32,1,0,Casual Learners
U02997,1,0.0,0.0,1,7,0,1.81,21,0,2,Budget Learners
U02998,1,37.89,37.89,1,11,0,1.3,33,1,0,Casual Learners
U02999,1,37.89,37.89,1,11,0,1.3,20,1,0,Casual Learners
U03000,1,394.26,394.26,1,2,2,1.35,15,1,3,Premium Specialists
